Rank,Name,Pts,Tourn P,GS P,TF P,M P,O P,Sm P,Tm P,Rank P,YER P,BR P,W@1 P,W@E5 P,PER P,Ach P,GSA P,BW P,H2H P,Rc P,BS P,GR P,Pf P,St P,GS,TF,AF,M,O,BT,T,W@1,W%,Elo
1,Novak Djokovic,1120,608,279,58,217,4,45,5,248,92,8,43,65,40,264,56,52,25,97,9,8,14,3,24,7,0,40,1,72,99,428,83.6%,2629
2,Roger Federer,922,566,246,65,172,2,80,1,200,83,8,31,60,18,156,32,40,18,53,3,3,4,3,20,6,0,28,-,54,103,310,81.9%,2550
3,Rafael Nadal,882,526,233,21,201,3,62,6,185,86,8,21,50,20,171,38,40,23,49,0,6,8,7,22,0,0,36,1,59,92,209,82.6%,2552
4,Jimmy Connors,617,402,134,31,121,0,115,1,151,73,8,27,37,6,64,5,24,12,19,0,0,2,2,8,1,2,20,-,31,109,268,81.7%,2521
5,Ivan Lendl,603,395,132,63,101,0,98,1,141,55,8,27,39,12,67,6,27,18,14,0,1,1,0,8,5,2,18,-,33,94,270,81.5%,2518
6,Pete Sampras,521,316,144,52,72,0,45,3,140,58,8,29,42,3,65,11,21,19,14,0,0,0,0,14,5,2,11,-,32,64,286,77.4%,2407
7,John McEnroe,513,321,95,53,86,0,77,10,128,48,8,17,31,24,64,5,24,14,16,2,0,3,0,7,3,5,17,-,32,77,170,81.6%,2583
8,Bjorn Borg,483,254,114,29,53,0,56,2,132,37,8,11,33,43,97,12,21,25,17,0,0,20,2,11,2,1,11,-,25,66,109,82.5%,2622
9,Andre Agassi,417,292,124,25,91,3,46,3,82,33,8,10,31,0,43,12,15,13,1,0,0,1,1,8,1,0,17,1,27,60,101,76.0%,2376
10,Rod Laver,389,202,45,10,84,0,61,2,101,35,8,22,28,8,86,21,17,19,19,5,0,5,0,5,0,2,18,-,25,72,219,79.7%,2509
11,Boris Becker,369,267,85,50,77,0,49,6,61,27,8,1,23,2,41,2,17,16,5,0,0,1,0,6,3,2,12,-,23,49,12,76.9%,2419
12,Stefan Edberg,328,243,91,24,62,4,54,8,62,33,8,7,14,0,23,3,14,5,1,0,0,0,0,6,1,0,6,1,14,42,72,74.8%,2370
13,Andy Murray,313,228,85,17,82,6,36,2,55,26,8,4,15,2,30,0,16,11,2,0,1,0,0,3,1,0,14,2,20,46,41,73.9%,2500
14,Mats Wilander,243,179,84,9,50,0,28,8,38,21,8,2,7,0,26,5,11,7,3,0,0,0,0,7,0,0,8,-,15,33,20,71.8%,2371
15,Guillermo Vilas,242,191,63,19,34,0,74,1,32,18,5,0,7,2,19,1,8,7,3,0,0,0,0,4,1,0,3,-,8,62,0,76.4%,2431
16,Ilie Nastase,228,163,36,27,35,0,63,2,46,19,8,9,10,0,19,0,9,5,3,0,0,2,0,2,4,0,6,-,12,65,88,72.8%,2363
17,Ken Rosewall,220,159,60,12,46,0,41,0,40,15,8,3,14,0,21,1,10,7,3,0,0,0,0,4,0,2,7,-,13,40,26,73.7%,2388
18,Arthur Ashe,211,174,47,17,53,0,52,5,23,14,5,0,4,0,14,0,7,7,0,0,0,0,0,3,0,1,4,-,8,45,0,75.2%,2354
19,John Newcombe,210,160,62,8,44,0,44,2,35,18,8,1,8,0,15,2,9,4,0,0,0,0,0,5,0,1,6,-,12,41,8,71.6%,2327
20,Lleyton Hewitt,180,114,39,15,30,0,26,4,52,21,8,8,15,0,14,0,5,9,0,0,0,0,0,2,2,0,2,-,6,30,80,70.2%,2295
21,Andy Roddick,169,125,43,8,39,0,34,1,33,16,8,1,8,0,11,0,4,7,0,0,0,0,0,1,0,0,5,-,6,32,13,74.1%,2274
22,Jim Courier,168,116,56,7,30,0,22,1,37,16,8,6,7,0,15,3,6,6,0,0,0,0,0,4,0,0,5,-,9,23,58,68.1%,2330
23,Michael Chang,153,125,33,12,41,0,37,2,21,10,5,0,6,0,7,0,5,0,2,0,0,0,0,1,0,0,7,-,8,34,0,68.0%,2267
24,Stan Smith,148,125,29,19,22,0,49,6,18,7,5,0,6,0,5,0,5,0,0,0,0,0,0,2,1,1,3,-,7,49,0,71.7%,2381
25,Alexander Zverev,148,116,25,19,46,3,22,1,19,12,5,0,2,0,13,0,6,6,1,0,0,0,0,0,2,0,7,1,10,23,0,69.8%,2303
26,Daniil Medvedev,147,108,36,13,36,0,21,2,27,12,8,2,5,0,12,0,6,6,0,0,0,0,0,1,1,0,6,-,8,20,16,71.2%,2316
27,Carlos Alcaraz Garfia,137,82,39,3,24,2,14,0,32,16,8,4,4,0,23,1,6,12,1,0,0,3,0,4,0,0,5,-,9,16,36,78.2%,2348
28,Yevgeny Kafelnikov,137,105,33,13,23,3,30,3,22,12,8,1,1,0,10,0,3,5,1,0,0,1,0,2,0,0,0,1,3,26,6,66.6%,2216
29,Gustavo Kuerten,129,85,29,6,34,0,16,0,29,14,8,4,3,0,15,2,4,8,1,0,0,0,0,3,1,0,5,-,9,20,43,64.7%,2281
30,Goran Ivanisevic,125,107,33,16,24,1,31,2,12,5,5,0,2,0,6,0,4,1,0,0,0,0,1,1,0,1,2,-,4,22,0,64.3%,2246
31,David Ferrer,124,110,25,8,27,0,45,5,10,6,3,0,1,0,4,0,3,1,0,0,0,0,0,0,0,0,1,-,1,27,0,66.1%,2348
32,Thomas Muster,123,102,19,2,42,0,39,0,15,4,8,1,2,0,6,0,3,1,0,0,0,2,0,1,0,0,8,-,9,44,6,69.6%,2287
33,Tom Okker,123,106,18,5,40,0,43,0,11,5,3,0,3,0,6,0,5,1,0,0,0,0,0,0,0,0,4,-,4,34,0,70.1%,2317
34,Vitas Gerulaitis,120,100,29,13,30,0,26,2,13,7,3,0,3,0,7,0,4,3,0,0,0,0,0,1,0,1,4,-,6,26,0,69.6%,2335
35,Jannik Sinner,119,80,25,11,24,0,18,2,26,10,8,3,4,1,13,0,4,7,0,0,0,2,0,2,1,0,4,-,7,18,30,76.5%,2414
36,Juan Martin Del Potro,111,90,27,7,18,3,33,2,11,3,3,0,5,0,10,0,5,5,0,0,0,0,0,1,0,0,1,-,2,22,0,71.6%,2331
37,Manuel Orantes,107,93,21,9,17,0,44,2,10,5,5,0,0,0,4,0,4,0,0,0,0,0,0,1,1,0,1,-,3,35,0,71.7%,2290
38,Stan Wawrinka,104,88,47,7,15,0,18,1,10,6,3,0,1,0,6,0,6,0,0,0,0,0,0,3,0,0,1,-,4,16,0,61.4%,2291
39,Michael Stich,104,78,26,13,16,0,20,3,15,7,5,0,3,0,11,0,3,8,0,0,0,0,0,1,1,1,2,-,5,18,0,68.6%,2272
40,Marat Safin,102,78,32,4,27,0,12,3,20,10,8,1,1,0,4,0,4,0,0,0,0,0,0,2,0,0,5,-,7,15,9,61.2%,2218
41,Juan Carlos Ferrero,99,76,25,5,25,0,19,2,16,6,8,1,1,0,7,0,3,4,0,0,0,0,0,1,0,0,4,-,5,16,8,64.6%,2225
42,Tony Roche,95,75,26,0,25,0,23,1,16,6,5,0,5,0,4,0,4,0,0,0,0,0,0,0,0,0,3,-,3,21,0,66.5%,2355
43,Carlos Moya,93,79,19,10,24,0,23,3,12,3,8,0,1,0,2,0,2,0,0,0,0,0,0,1,0,0,3,-,4,20,2,64.3%,2190
44,Patrick Rafter,90,65,30,4,19,0,10,2,21,7,8,0,6,0,4,1,3,0,0,0,0,0,0,2,0,0,2,-,4,11,1,65.2%,2255
45,Yannick Noah,87,78,18,1,34,0,24,1,7,3,3,0,1,0,2,0,2,0,0,0,0,0,0,1,0,0,4,-,5,23,0,69.4%,2268
46,Stefanos Tsitsipas,85,72,18,7,29,0,18,0,8,4,3,0,1,0,5,0,3,2,0,0,0,0,0,0,1,0,3,-,4,11,0,66.9%,2258
47,Tomas Berdych,84,79,26,6,25,0,19,3,2,0,2,0,0,0,3,0,3,0,0,0,0,0,0,0,0,0,1,-,1,13,0,65.2%,2263
48,Roscoe Tanner,81,75,25,4,26,0,20,0,3,1,2,0,0,0,3,0,3,0,0,0,0,0,0,1,0,0,3,-,4,16,0,66.7%,2261
49,Dominic Thiem,81,68,26,9,12,0,21,0,10,6,3,0,1,0,3,0,3,0,0,0,0,0,0,1,0,0,1,-,2,17,0,61.6%,2250
50,Brian Gottfried,80,73,9,9,23,0,31,1,5,1,3,0,1,0,2,0,2,0,0,0,0,0,0,0,0,0,3,-,3,25,0,67.9%,2324
51,Marcelo Rios,78,58,9,4,30,0,15,0,16,5,8,1,2,0,4,0,1,3,0,0,0,0,0,0,0,1,5,-,6,18,6,67.1%,2241
52,Nikolay Davydenko,76,63,14,13,17,0,18,1,10,7,3,0,0,0,3,0,3,0,0,0,0,0,0,0,1,0,3,-,4,21,0,59.4%,2291
53,Richard Krajicek,74,61,19,3,17,0,22,0,3,0,2,0,1,0,10,0,2,4,0,0,0,4,0,1,0,0,2,-,3,17,0,65.2%,2214
54,Marin Cilic,73,68,30,2,8,0,25,3,3,0,3,0,0,0,2,0,2,0,0,0,0,0,0,1,0,0,1,-,2,21,0,63.5%,2232
55,Harold Solomon,73,70,12,5,27,0,26,0,1,0,1,0,0,0,2,0,2,0,0,0,0,0,0,0,0,0,3,-,3,22,0,63.7%,2256
56,Sergi Bruguera,71,60,22,2,19,2,14,1,8,4,3,0,1,0,3,1,2,0,0,0,0,0,0,2,0,0,2,-,4,14,0,62.3%,2232
57,Jo Wilfried Tsonga,71,67,23,4,17,0,22,1,1,0,1,0,0,0,3,0,3,0,0,0,0,0,0,0,0,0,2,-,2,18,0,66.2%,2244
58,Kei Nishikori,71,62,17,5,15,1,24,0,5,2,2,0,1,0,4,0,2,0,1,0,0,1,0,0,0,0,0,-,0,12,0,66.6%,2296
59,Eddie Dibbs,68,65,9,8,22,0,26,0,1,0,1,0,0,0,2,0,2,0,0,0,0,0,0,0,0,0,1,-,1,22,0,69.6%,2282
60,Jan Kodes,66,62,38,6,7,0,10,1,1,0,1,0,0,0,3,1,2,0,0,0,0,0,0,3,0,0,0,-,3,9,0,63.6%,2197
61,David Nalbandian,66,58,17,7,21,0,10,3,4,0,3,0,1,0,4,0,2,2,0,0,0,0,0,0,1,0,2,-,3,11,0,66.6%,2196
62,Raul Ramirez,66,61,12,4,20,0,25,0,3,1,2,0,0,0,2,0,2,0,0,0,0,0,0,0,0,0,2,-,2,20,0,67.0%,2249
63,Alex Corretja,65,55,13,6,17,0,19,0,8,3,5,0,0,0,2,0,2,0,0,0,0,0,0,0,1,0,2,-,3,17,0,60.9%,2182
64,Andrey Rublev,62,58,10,4,19,0,23,2,3,2,1,0,0,0,1,0,1,0,0,0,0,0,0,0,0,0,2,-,2,16,0,64.7%,2227
65,Johan Kriek,61,57,28,3,10,0,16,0,0,0,0,0,0,0,4,1,1,0,0,0,0,2,0,2,0,0,2,-,4,14,0,62.9%,2169
66,Tommy Haas,59,52,12,2,12,2,22,2,6,0,5,0,1,0,1,0,1,0,0,0,0,0,0,0,0,0,1,-,1,15,0,62.7%,2189
67,Thomas Enqvist,57,52,6,6,19,0,19,2,4,2,2,0,0,0,1,0,1,0,0,0,0,0,0,0,0,0,3,-,3,19,0,60.1%,2173
68,Andres Gomez,56,51,13,3,11,0,24,0,4,1,2,0,1,0,1,0,1,0,0,0,0,0,0,1,0,0,2,-,3,21,0,65.9%,2223
69,Petr Korda,56,48,16,5,12,0,14,1,6,0,5,0,1,0,2,0,2,0,0,0,0,0,0,1,0,1,1,-,3,10,0,62.3%,2222
70,Miloslav Mecir,56,50,15,4,15,3,12,1,2,0,2,0,0,0,4,0,2,0,1,0,0,1,0,0,0,1,2,1,4,11,0,68.1%,2257
71,Milos Raonic,55,48,15,2,16,0,15,0,6,3,3,0,0,0,1,0,1,0,0,0,0,0,0,0,0,0,0,-,0,8,0,67.8%,2269
72,Tim Henman,54,51,16,5,14,0,16,0,2,0,2,0,0,0,1,0,1,0,0,0,0,0,0,0,0,0,1,-,1,11,0,64.4%,2165
73,Cliff Richey,54,49,7,3,12,0,25,2,4,2,2,0,0,0,1,0,1,0,0,0,0,0,0,0,0,0,0,-,0,22,0,68.1%,2212
74,Casper Ruud,54,45,14,7,10,0,14,0,8,3,5,0,0,0,1,0,1,0,0,0,0,0,0,0,0,0,0,-,0,12,0,64.5%,2163
75,Guillermo Coria,52,38,8,1,19,0,9,1,5,1,3,0,1,0,9,0,1,4,0,0,0,0,4,0,0,0,2,-,2,9,0,65.7%,2229
76,Jose Luis Clerc,51,46,4,1,15,0,24,2,3,1,2,0,0,0,2,0,2,0,0,0,0,0,0,0,0,0,3,-,3,25,0,71.5%,2297
77,Brad Gilbert,51,48,2,8,12,1,24,1,2,0,2,0,0,0,1,0,1,0,0,0,0,0,0,0,0,0,1,-,1,20,0,64.3%,2210
78,Grigor Dimitrov,50,43,11,6,16,0,10,0,6,3,3,0,0,0,1,0,1,0,0,0,0,0,0,0,1,0,1,-,2,9,0,61.1%,2203
79,Gene Mayer,50,45,4,3,17,0,19,2,4,1,2,0,1,0,1,0,1,0,0,0,0,0,0,0,0,0,2,-,2,14,0,66.8%,2303
80,John Isner,49,42,4,0,20,0,18,0,4,0,0,0,0,4,3,0,1,0,0,0,0,0,2,0,0,0,1,-,1,16,0,61.0%,2147
81,Todd Martin,47,43,20,4,5,0,14,0,3,0,2,0,1,0,1,0,1,0,0,0,0,0,0,0,0,0,0,-,0,8,0,63.7%,2188
82,Andres Gimeno,45,40,17,0,11,0,12,0,4,0,3,0,1,0,1,0,1,0,0,0,0,0,0,1,0,0,1,-,2,11,0,65.3%,2261
83,Gael Monfils,45,44,12,0,10,0,20,2,0,0,0,0,0,0,1,0,1,0,0,0,0,0,0,0,0,0,0,-,0,12,0,62.8%,2189
84,Marty Riessen,44,42,2,1,21,0,18,0,0,0,0,0,0,0,2,0,2,0,0,0,0,0,0,0,0,0,2,-,2,13,0,61.8%,2223
85,Tim Mayotte,44,43,11,2,13,2,15,0,0,0,0,0,0,0,1,0,1,0,0,0,0,0,0,0,0,0,2,-,2,12,0,62.6%,2179
86,Albert Costa,43,42,13,1,13,0,14,1,0,0,0,0,0,0,1,0,1,0,0,0,0,0,0,1,0,0,1,-,2,12,0,58.5%,2154
87,Andrei Medvedev,43,40,9,3,18,0,10,0,2,0,2,0,0,0,1,0,1,0,0,0,0,0,0,0,0,0,4,-,4,11,0,60.1%,2177
88,Wayne Ferreira,43,42,7,2,15,0,18,0,0,0,0,0,0,0,1,0,1,0,0,0,0,0,0,0,0,0,2,-,2,15,0,60.8%,2158
89,Greg Rusedski,43,38,5,7,8,0,18,0,3,0,2,0,1,0,2,0,1,0,0,0,0,1,0,0,0,1,1,-,2,15,0,60.3%,2178
90,Robin Soderling,43,37,12,3,6,0,15,1,4,1,2,0,1,0,2,0,1,1,0,0,0,0,0,0,0,0,1,-,1,10,0,64.6%,2271
91,Fernando Gonzalez,43,40,11,2,10,3,12,2,2,0,1,0,1,0,1,0,1,0,0,0,0,0,0,0,0,0,0,-,0,11,0,64.7%,2209
92,Jose Higueras,41,40,6,0,13,0,19,2,0,0,0,0,0,0,1,0,1,0,0,0,0,0,0,0,0,0,1,-,1,16,0,65.2%,2210
93,Ivan Ljubicic,40,34,3,2,13,0,14,2,5,1,3,0,1,0,1,0,1,0,0,0,0,0,0,0,0,0,1,-,1,10,0,59.2%,2206
94,Adriano Panatta,39,36,15,0,6,0,13,2,2,0,2,0,0,0,1,0,1,0,0,0,0,0,0,1,0,0,1,-,2,11,0,62.2%,2241
95,Pat Cash,39,35,24,1,2,0,5,3,2,0,2,0,0,0,2,0,2,0,0,0,0,0,0,1,0,0,0,-,1,6,0,61.4%,2217
96,Richard Gasquet,39,38,8,1,11,0,18,0,0,0,0,0,0,0,1,0,1,0,0,0,0,0,0,0,0,0,0,-,0,16,0,60.1%,2196
97,Guy Forget,36,33,5,1,15,0,11,1,2,0,2,0,0,0,1,0,1,0,0,0,0,0,0,0,0,0,2,-,2,11,0,56.6%,2179
98,Mark Philippoussis,36,35,11,1,7,0,13,3,0,0,0,0,0,0,1,0,1,0,0,0,0,0,0,0,0,0,1,-,1,11,0,60.5%,2171
99,Taylor Harry Fritz,36,31,8,5,8,0,9,1,4,2,2,0,0,0,1,0,1,0,0,0,0,0,0,0,0,0,1,-,1,8,0,59.9%,2162
100,Henri Leconte,36,34,15,1,5,0,11,2,1,0,1,0,0,0,1,0,1,0,0,0,0,0,0,0,0,0,0,-,0,9,0,58.4%,2187
101,John Alexander,35,34,8,1,14,0,8,3,0,0,0,0,0,0,1,0,1,0,0,0,0,0,0,0,0,0,2,-,2,8,0,57.2%,2159
102,Cedric Pioline,35,33,16,0,9,0,6,2,1,0,1,0,0,0,1,0,1,0,0,0,0,0,0,0,0,0,1,-,1,5,0,55.0%,2110
103,Sebastien Grosjean,35,32,13,3,10,0,4,2,2,0,2,0,0,0,1,0,1,0,0,0,0,0,0,0,0,0,1,-,1,4,0,58.0%,2133
104,Wojtek Fibak,35,34,4,3,10,0,17,0,0,0,0,0,0,0,1,0,1,0,0,0,0,0,0,0,0,0,0,-,0,15,0,63.2%,2180
105,Eliot Teltscher,34,33,4,2,15,0,11,1,0,0,0,0,0,0,1,0,1,0,0,0,0,0,0,0,0,0,1,-,1,10,0,64.9%,2200
106,Anders Jarryd,34,32,6,5,10,0,9,2,1,0,1,0,0,0,1,0,1,0,0,0,0,0,0,0,0,1,0,-,1,8,0,60.4%,2182
107,Magnus Norman,33,25,7,0,4,0,13,1,7,2,5,0,0,0,1,0,1,0,0,0,0,0,0,0,0,0,1,-,1,12,0,58.0%,2172
108,Joakim Nystrom,32,31,3,2,12,0,14,0,0,0,0,0,0,0,1,0,1,0,0,0,0,0,0,0,0,0,2,-,2,13,0,65.1%,2242
109,Emilio Sanchez,32,31,2,0,13,0,15,1,0,0,0,0,0,0,1,0,1,0,0,0,0,0,0,0,0,0,1,-,1,15,0,59.8%,2142
110,Tommy Robredo,32,31,7,1,8,0,15,0,1,0,1,0,0,0,0,0,0,0,0,0,0,0,0,0,0,0,1,-,1,12,0,59.8%,2107
111,Marc Rosset,32,30,3,0,3,3,19,2,0,0,0,0,0,0,2,0,1,0,1,0,0,0,0,0,0,0,0,1,1,15,0,55.3%,2116
112,Cliff Drysdale,31,30,3,0,17,0,10,0,0,0,0,0,0,0,1,0,1,0,0,0,0,0,0,0,0,0,1,-,1,8,0,61.8%,2227
113,Jonas Bjorkman,31,27,9,2,6,0,7,3,4,2,2,0,0,0,0,0,0,0,0,0,0,0,0,0,0,0,0,-,0,6,0,53.4%,2174
114,James Blake,30,25,3,3,5,0,12,2,4,2,2,0,0,0,1,0,1,0,0,0,0,0,0,0,0,0,0,-,0,10,0,58.7%,2164
115,Gaston Gaudio,29,27,8,2,3,0,14,0,1,0,1,0,0,0,1,0,1,0,0,0,0,0,0,1,0,0,0,-,1,8,0,58.0%,2137
116,Andrei Chesnokov,29,28,5,0,18,0,4,1,0,0,0,0,0,0,1,0,1,0,0,0,0,0,0,0,0,0,3,-,3,7,0,57.2%,2104
117,Dick Stockton,29,28,6,3,11,0,8,0,0,0,0,0,0,0,1,0,1,0,0,0,0,0,0,0,0,0,1,-,1,9,0,59.8%,2212
118,Gilles Simon,29,28,2,2,8,0,16,0,0,0,0,0,0,0,1,0,1,0,0,0,0,0,0,0,0,0,0,-,0,14,0,56.1%,2124
119,Tom Gorman,28,27,6,3,9,0,9,0,0,0,0,0,0,0,1,0,1,0,0,0,0,0,0,0,0,0,1,-,1,9,0,58.3%,2122
120,Alex Metreveli,28,28,13,0,4,0,11,0,0,0,0,0,0,0,0,0,0,0,0,0,0,0,0,0,0,0,0,-,0,12,0,73.2%,2208
121,Matteo Berrettini,28,28,11,1,3,0,12,1,0,0,0,0,0,0,0,0,0,0,0,0,0,0,0,0,0,0,0,-,0,10,0,65.5%,2173
122,David Goffin,28,27,4,3,6,0,11,3,0,0,0,0,0,0,1,0,1,0,0,0,0,0,0,0,0,0,0,-,0,6,0,57.6%,2165
123,Mikhail Youzhny,27,26,8,0,0,0,17,1,0,0,0,0,0,0,1,0,1,0,0,0,0,0,0,0,0,0,0,-,0,10,0,54.5%,2122
124,Aaron Krickstein,27,26,6,1,8,0,11,0,0,0,0,0,0,0,1,0,0,0,1,0,0,0,0,0,0,0,0,-,0,9,0,60.7%,2162
125,Kevin Anderson,27,25,9,2,2,0,12,0,1,0,1,0,0,0,1,0,1,0,0,0,0,0,0,0,0,0,0,-,0,7,0,58.3%,2181
126,Richard Pancho Gonzales,26,22,3,0,11,0,8,0,1,0,1,0,0,0,3,0,1,0,2,0,0,0,0,0,0,0,2,-,2,9,0,62.9%,2203
127,Hubert Hurkacz,26,25,3,0,13,0,9,0,0,0,0,0,0,0,1,0,1,0,0,0,0,0,0,0,0,0,2,-,2,8,0,60.4%,2119
128,Alberto Berasategui,26,24,5,0,3,0,16,0,0,0,0,0,0,0,2,0,0,0,0,0,0,0,2,0,0,0,0,-,0,14,0,58.3%,2134
128,Magnus Gustafsson,26,26,1,0,5,0,17,3,0,0,0,0,0,0,0,0,0,0,0,0,0,0,0,0,0,0,0,-,0,14,0,61.5%,2150
130,Nicolas Kiefer,26,24,6,2,5,0,10,1,2,0,2,0,0,0,0,0,0,0,0,0,0,0,0,0,0,0,0,-,0,6,0,57.1%,2135
131,Thomas Johansson,25,24,12,0,5,0,7,0,0,0,0,0,0,0,1,0,1,0,0,0,0,0,0,1,0,0,1,-,2,9,0,54.7%,2136
132,Mark Cox,25,24,1,0,8,0,15,0,0,0,0,0,0,0,1,0,1,0,0,0,0,0,0,0,0,0,1,-,1,14,0,59.2%,2132
133,Karen Khachanov,25,24,7,0,8,2,7,0,0,0,0,0,0,0,1,0,1,0,0,0,0,0,0,0,0,0,1,-,1,7,0,58.3%,2137
134,Kevin Curren,25,23,11,1,5,0,6,0,1,0,1,0,0,0,1,0,1,0,0,0,0,0,0,0,0,0,0,-,0,5,0,59.2%,2162
135,Mark Edmondson,24,23,14,0,3,0,6,0,0,0,0,0,0,0,1,0,1,0,0,0,0,0,0,1,0,0,0,-,1,6,0,51.5%,2050
136,Felix Mantilla,24,24,3,0,9,0,11,1,0,0,0,0,0,0,0,0,0,0,0,0,0,0,0,0,0,0,1,-,1,10,0,58.9%,2133
137,Vijay Amritraj,24,24,4,1,1,0,18,0,0,0,0,0,0,0,0,0,0,0,0,0,0,0,0,0,0,0,0,-,0,16,0,56.6%,2124
138,Victor Pecci,24,23,6,0,6,0,11,0,0,0,0,0,0,0,1,0,1,0,0,0,0,0,0,0,0,0,0,-,0,10,0,59.5%,2181
139,Tomas Smid,24,24,2,0,5,0,14,3,0,0,0,0,0,0,0,0,0,0,0,0,0,0,0,0,0,0,0,-,0,9,0,60.9%,2133
140,Magnus Larsson,24,23,5,4,2,0,8,4,0,0,0,0,0,0,1,0,1,0,0,0,0,0,0,0,0,1,0,-,1,7,0,58.4%,2188
140,Nick Kyrgios,24,23,7,0,4,0,12,0,0,0,0,0,0,0,1,0,1,0,0,0,0,0,0,0,0,0,0,-,0,7,0,65.0%,2176
142,Brian Teacher,23,23,10,0,3,0,10,0,0,0,0,0,0,0,0,0,0,0,0,0,0,0,0,1,0,0,0,-,1,8,0,58.8%,2133
143,Guillermo Canas,23,23,3,0,8,0,11,1,0,0,0,0,0,0,0,0,0,0,0,0,0,0,0,0,0,0,1,-,1,7,0,56.4%,2113
144,Nicolas Almagro,23,23,4,0,1,0,18,0,0,0,0,0,0,0,0,0,0,0,0,0,0,0,0,0,0,0,0,-,0,13,0,58.8%,2160
144,Zeljko Franulovic,23,23,7,2,0,0,14,0,0,0,0,0,0,0,0,0,0,0,0,0,0,0,0,0,0,0,0,-,0,13,0,57.1%,2126
146,Roberto Bautista Agut,23,23,3,0,5,0,13,2,0,0,0,0,0,0,0,0,0,0,0,0,0,0,0,0,0,0,0,-,0,12,0,60.9%,2135
147,Clark Graebner,23,23,7,1,2,0,11,2,0,0,0,0,0,0,0,0,0,0,0,0,0,0,0,0,0,0,0,-,0,11,0,66.8%,2147
148,Feliciano Lopez,23,22,4,0,4,0,13,1,0,0,0,0,0,0,1,0,0,0,1,0,0,0,0,0,0,0,0,-,0,7,0,50.9%,2074
148,Fernando Verdasco,23,22,5,0,3,0,13,1,0,0,0,0,0,0,1,0,1,0,0,0,0,0,0,0,0,0,0,-,0,7,0,55.6%,2204
150,Mardy Fish,23,22,3,0,10,2,6,1,0,0,0,0,0,0,1,0,1,0,0,0,0,0,0,0,0,0,0,-,0,6,0,58.0%,2169
151,Pablo Carreno Busta,22,22,6,0,6,1,9,0,0,0,0,0,0,0,0,0,0,0,0,0,0,0,0,0,0,0,1,-,1,7,0,55.6%,2121
152,Sandy Mayer,22,22,4,0,2,0,16,0,0,0,0,0,0,0,0,0,0,0,0,0,0,0,0,0,0,0,0,-,0,12,0,65.0%,2178
153,Robert Lutz,22,22,3,0,2,0,17,0,0,0,0,0,0,0,0,0,0,0,0,0,0,0,0,0,0,0,0,-,0,11,0,60.3%,2134
154,Ivo Karlovic,22,12,1,0,1,0,9,1,2,0,0,0,0,2,8,0,0,0,0,0,0,0,8,0,0,0,0,-,0,8,0,51.7%,2061
155,Holger Vitus Nodskov Rune,21,18,3,1,10,0,4,0,2,0,2,0,0,0,1,0,1,0,0,0,0,0,0,0,0,0,1,-,1,4,0,62.4%,2147
156,Alex De Minaur,21,21,4,0,2,0,15,0,0,0,0,0,0,0,0,0,0,0,0,0,0,0,0,0,0,0,0,-,0,9,0,60.9%,2165
156,Roger Taylor,21,21,7,0,4,0,10,0,0,0,0,0,0,0,0,0,0,0,0,0,0,0,0,0,0,0,0,-,0,9,0,55.7%,2118
158,Roy Emerson,21,18,4,0,5,0,9,0,2,0,2,0,0,0,1,0,1,0,0,0,0,0,0,0,0,0,0,-,0,6,0,62.0%,2225
159,Felix Auger Aliassime,21,21,4,1,4,0,10,2,0,0,0,0,0,0,0,0,0,0,0,0,0,0,0,0,0,0,0,-,0,5,0,59.5%,2140
160,Karel Novacek,20,20,4,0,4,0,12,0,0,0,0,0,0,0,0,0,0,0,0,0,0,0,0,0,0,0,1,-,1,13,0,54.9%,2109
161,Martin Jaite,20,20,1,0,5,0,13,1,0,0,0,0,0,0,0,0,0,0,0,0,0,0,0,0,0,0,0,-,0,12,0,62.7%,2125
162,Jiri Novak,20,19,2,1,6,0,10,0,1,0,1,0,0,0,0,0,0,0,0,0,0,0,0,0,0,0,0,-,0,7,0,56.4%,2112
163,Dennis Ralston,20,18,5,0,3,0,10,0,1,0,0,0,1,0,1,0,1,0,0,0,0,0,0,0,0,0,0,-,0,6,0,54.3%,2242
163,Earl Butch Buchholz,20,18,3,0,4,0,11,0,1,0,0,0,1,0,1,0,1,0,0,0,0,0,0,0,0,0,0,-,0,6,0,54.9%,2226
165,Radek Stepanek,20,20,1,0,8,0,8,3,0,0,0,0,0,0,0,0,0,0,0,0,0,0,0,0,0,0,0,-,0,5,0,56.0%,2136
166,Rainer Schuettler,19,18,6,2,5,0,5,0,1,0,1,0,0,0,0,0,0,0,0,0,0,0,0,0,0,0,0,-,0,4,0,49.2%,2123
167,Fabio Fognini,18,18,1,0,6,0,11,0,0,0,0,0,0,0,0,0,0,0,0,0,0,0,0,0,0,0,1,-,1,9,0,52.3%,2112
168,Jaime Fillol,18,18,1,0,6,0,11,0,0,0,0,0,0,0,0,0,0,0,0,0,0,0,0,0,0,0,0,-,0,8,0,59.1%,2145
169,Dominik Hrbaty,18,18,5,0,4,0,6,3,0,0,0,0,0,0,0,0,0,0,0,0,0,0,0,0,0,0,0,-,0,6,0,53.0%,2085
170,Peter Mcnamara,18,17,5,0,2,0,9,1,0,0,0,0,0,0,1,0,1,0,0,0,0,0,0,0,0,0,0,-,0,5,0,60.0%,2168
171,Sam Querrey,17,17,5,0,0,0,12,0,0,0,0,0,0,0,0,0,0,0,0,0,0,0,0,0,0,0,0,-,0,10,0,54.0%,2068
172,Guillermo Perez Roldan,17,14,1,0,2,0,11,0,0,0,0,0,0,0,3,0,0,0,0,0,0,0,3,0,0,0,0,-,0,9,0,63.8%,2057
172,Sjeng Schalken,17,17,6,0,0,0,11,0,0,0,0,0,0,0,0,0,0,0,0,0,0,0,0,0,0,0,0,-,0,9,0,52.2%,2085
174,Karol Kucera,17,17,4,1,1,0,10,1,0,0,0,0,0,0,0,0,0,0,0,0,0,0,0,0,0,0,0,-,0,6,0,54.6%,2125
174,Nikola Pilic,17,17,5,0,3,0,9,0,0,0,0,0,0,0,0,0,0,0,0,0,0,0,0,0,0,0,0,-,0,6,0,54.8%,2143
176,Malivai Washington,17,17,5,0,6,0,6,0,0,0,0,0,0,0,0,0,0,0,0,0,0,0,0,0,0,0,0,-,0,4,0,57.8%,2071
177,Alberto Mancini,16,15,1,0,12,0,2,0,0,0,0,0,0,0,1,0,1,0,0,0,0,0,0,0,0,0,2,-,2,3,0,54.2%,2092
178,Fred Stolle,16,15,4,0,8,0,3,0,0,0,0,0,0,0,1,0,1,0,0,0,0,0,0,0,0,0,1,-,1,5,0,51.0%,2178
179,Mikael Pernfors,16,16,5,1,6,0,3,1,0,0,0,0,0,0,0,0,0,0,0,0,0,0,0,0,0,0,1,-,1,3,0,55.1%,2065
180,Onny Parun,16,16,8,0,2,0,6,0,0,0,0,0,0,0,0,0,0,0,0,0,0,0,0,0,0,0,0,-,0,6,0,52.3%,2097
181,Jimmy Arias,16,15,3,1,5,1,5,0,1,0,1,0,0,0,0,0,0,0,0,0,0,0,0,0,0,0,0,-,0,5,0,56.2%,2157
182,Diego Sebastian Schwartzman,16,16,6,0,3,0,7,0,0,0,0,0,0,0,0,0,0,0,0,0,0,0,0,0,0,0,0,-,0,4,0,52.9%,2097
183,Phil Dent,16,16,10,0,2,0,4,0,0,0,0,0,0,0,0,0,0,0,0,0,0,0,0,0,0,0,0,-,0,3,0,53.5%,2075
184,Borna Coric,15,14,1,0,8,0,4,1,0,0,0,0,0,0,1,0,1,0,0,0,0,0,0,0,0,0,1,-,1,3,0,53.2%,2102
185,Balazs Taroczy,15,15,2,0,0,0,13,0,0,0,0,0,0,0,0,0,0,0,0,0,0,0,0,0,0,0,0,-,0,13,0,64.2%,2124
186,Juan Monaco,15,15,0,0,2,0,12,1,0,0,0,0,0,0,0,0,0,0,0,0,0,0,0,0,0,0,0,-,0,9,0,55.7%,2125
187,Corrado Barazzutti,15,15,5,1,2,0,6,1,0,0,0,0,0,0,0,0,0,0,0,0,0,0,0,0,0,0,0,-,0,5,0,59.0%,2142
187,Jonas Svensson,15,15,5,0,2,0,8,0,0,0,0,0,0,0,0,0,0,0,0,0,0,0,0,0,0,0,0,-,0,5,0,55.8%,2084
187,Lucas Pouille,15,14,4,0,2,0,7,1,0,0,0,0,0,0,1,0,0,0,0,0,0,1,0,0,0,0,0,-,0,5,0,52.0%,2069
187,Nicolas Lapentti,15,15,3,0,4,0,8,0,0,0,0,0,0,0,0,0,0,0,0,0,0,0,0,0,0,0,0,-,0,5,0,51.9%,2108
191,Marcos Baghdatis,15,15,7,0,2,0,6,0,0,0,0,0,0,0,0,0,0,0,0,0,0,0,0,0,0,0,0,-,0,4,0,56.1%,2098
192,David Wheaton,15,14,4,5,3,0,2,0,0,0,0,0,0,0,1,0,0,0,0,0,0,1,0,0,0,1,0,-,1,3,0,54.8%,2121
192,Frances Tiafoe,15,15,6,0,3,0,5,1,0,0,0,0,0,0,0,0,0,0,0,0,0,0,0,0,0,0,0,-,0,3,0,52.7%,2068
194,Denis Shapovalov,15,15,4,0,6,0,3,2,0,0,0,0,0,0,0,0,0,0,0,0,0,0,0,0,0,0,0,-,0,2,0,55.2%,2075
195,Cameron Norrie,14,14,2,0,5,0,7,0,0,0,0,0,0,0,0,0,0,0,0,0,0,0,0,0,0,0,1,-,1,5,0,57.7%,2105
196,Nicolas Massu,14,13,0,0,2,3,7,1,0,0,0,0,0,0,1,0,0,0,1,0,0,0,0,0,0,0,0,1,1,6,0,51.9%,2053
197,Bill Scanlon,14,14,4,1,3,0,6,0,0,0,0,0,0,0,0,0,0,0,0,0,0,0,0,0,0,0,0,-,0,6,0,53.7%,2122
197,Juan Ignacio Chela,14,14,3,0,0,0,10,1,0,0,0,0,0,0,0,0,0,0,0,0,0,0,0,0,0,0,0,-,0,6,0,54.1%,2049
199,Ray Ruffels,14,14,8,0,0,0,6,0,0,0,0,0,0,0,0,0,0,0,0,0,0,0,0,0,0,0,0,-,0,5,0,52.3%,2012
200,Amos Mansdorf,13,13,1,0,5,0,7,0,0,0,0,0,0,0,0,0,0,0,0,0,0,0,0,0,0,0,1,-,1,6,0,56.8%,2057
201,Ross Case,13,13,4,0,6,0,3,0,0,0,0,0,0,0,0,0,0,0,0,0,0,0,0,0,0,0,1,-,1,4,0,50.1%,2070
202,Bob Hewitt,13,13,0,0,2,0,11,0,0,0,0,0,0,0,0,0,0,0,0,0,0,0,0,0,0,0,0,-,0,10,0,61.0%,2132
203,Kent Carlsson,13,13,0,0,1,0,11,1,0,0,0,0,0,0,0,0,0,0,0,0,0,0,0,0,0,0,0,-,0,9,0,74.8%,2213
204,Jakob Hlasek,13,13,1,3,4,0,5,0,0,0,0,0,0,0,0,0,0,0,0,0,0,0,0,0,0,0,0,-,0,5,0,56.8%,2184
205,Jaime Yzaga,12,12,2,0,0,0,10,0,0,0,0,0,0,0,0,0,0,0,0,0,0,0,0,0,0,0,0,-,0,8,0,54.3%,2022
206,Carlos Costa,12,12,0,0,3,0,8,1,0,0,0,0,0,0,0,0,0,0,0,0,0,0,0,0,0,0,0,-,0,6,0,54.4%,2075
207,Henrik Sundstrom,12,12,1,0,2,0,7,2,0,0,0,0,0,0,0,0,0,0,0,0,0,0,0,0,0,0,0,-,0,5,0,58.8%,2121
208,Janko Tipsarevic,12,12,2,1,3,0,4,2,0,0,0,0,0,0,0,0,0,0,0,0,0,0,0,0,0,0,0,-,0,4,0,52.7%,2158
208,Nicolas Escude,12,12,4,0,0,0,6,2,0,0,0,0,0,0,0,0,0,0,0,0,0,0,0,0,0,0,0,-,0,4,0,57.1%,2091
208,Tim Gullikson,12,12,1,0,6,0,5,0,0,0,0,0,0,0,0,0,0,0,0,0,0,0,0,0,0,0,0,-,0,4,0,54.9%,2113
208,Tommy Paul,12,12,3,0,3,0,6,0,0,0,0,0,0,0,0,0,0,0,0,0,0,0,0,0,0,0,0,-,0,4,0,58.5%,2095
212,Kim Warwick,12,12,7,0,2,0,3,0,0,0,0,0,0,0,0,0,0,0,0,0,0,0,0,0,0,0,0,-,0,3,0,51.3%,2040
213,Juan Aguilera,11,11,0,0,8,0,3,0,0,0,0,0,0,0,0,0,0,0,0,0,0,0,0,0,0,0,2,-,2,5,0,50.9%,2059
214,Andrei Pavel,11,11,1,0,7,0,3,0,0,0,0,0,0,0,0,0,0,0,0,0,0,0,0,0,0,0,1,-,1,3,0,51.2%,2061
215,Ramesh Krishnan,11,11,3,0,0,0,8,0,0,0,0,0,0,0,0,0,0,0,0,0,0,0,0,0,0,0,0,-,0,8,0,52.9%,2032
216,Fabrice Santoro,11,11,1,0,3,0,7,0,0,0,0,0,0,0,0,0,0,0,0,0,0,0,0,0,0,0,0,-,0,6,0,51.4%,2052
216,Ugo Humbert,11,11,0,0,2,0,9,0,0,0,0,0,0,0,0,0,0,0,0,0,0,0,0,0,0,0,0,-,0,6,0,53.4%,2078
218,Colin Dibley,11,11,5,0,1,0,5,0,0,0,0,0,0,0,0,0,0,0,0,0,0,0,0,0,0,0,0,-,0,5,0,51.5%,1984
218,Jurgen Melzer,11,11,2,0,1,0,8,0,0,0,0,0,0,0,0,0,0,0,0,0,0,0,0,0,0,0,0,-,0,5,0,51.2%,2110
218,Younes El Aynaoui,11,11,4,0,1,0,6,0,0,0,0,0,0,0,0,0,0,0,0,0,0,0,0,0,0,0,0,-,0,5,0,54.2%,2095
221,Arnaud Clement,11,11,6,0,1,0,4,0,0,0,0,0,0,0,0,0,0,0,0,0,0,0,0,0,0,0,0,-,0,4,0,49.1%,2107
222,Mario Ancic,11,11,5,0,1,0,4,1,0,0,0,0,0,0,0,0,0,0,0,0,0,0,0,0,0,0,0,-,0,3,0,60.6%,2133
223,Dick Crealy,11,11,9,0,0,0,2,0,0,0,0,0,0,0,0,0,0,0,0,0,0,0,0,0,0,0,0,-,0,2,0,50.6%,1989
224,Steve Denton,11,11,8,0,2,0,1,0,0,0,0,0,0,0,0,0,0,0,0,0,0,0,0,0,0,0,0,-,0,0,0,48.2%,2093
225,Bill Bowrey,10,10,9,0,0,0,0,1,0,0,0,0,0,0,0,0,0,0,0,0,0,0,0,1,0,0,0,-,1,1,0,47.6%,2025
226,Jack Sock,10,10,0,2,5,0,3,0,0,0,0,0,0,0,0,0,0,0,0,0,0,0,0,0,0,0,1,-,1,4,0,54.4%,2144
227,Francisco Clavet,10,10,0,0,2,0,8,0,0,0,0,0,0,0,0,0,0,0,0,0,0,0,0,0,0,0,0,-,0,8,0,53.3%,2035
228,Ernests Gulbis,10,10,3,0,1,0,6,0,0,0,0,0,0,0,0,0,0,0,0,0,0,0,0,0,0,0,0,-,0,6,0,50.8%,2167
229,Nikoloz Basilashvili,10,10,0,0,2,0,8,0,0,0,0,0,0,0,0,0,0,0,0,0,0,0,0,0,0,0,0,-,0,5,0,45.6%,1990
230,Horst Skoff,10,10,0,0,5,0,5,0,0,0,0,0,0,0,0,0,0,0,0,0,0,0,0,0,0,0,0,-,0,4,0,52.9%,2054
231,Alexander Volkov,10,10,3,0,2,0,5,0,0,0,0,0,0,0,0,0,0,0,0,0,0,0,0,0,0,0,0,-,0,3,0,54.3%,2073
231,Jay Berger,10,10,2,0,5,0,3,0,0,0,0,0,0,0,0,0,0,0,0,0,0,0,0,0,0,0,0,-,0,3,0,63.8%,2081
231,Wally Masur,10,10,5,0,1,0,4,0,0,0,0,0,0,0,0,0,0,0,0,0,0,0,0,0,0,0,0,-,0,3,0,53.4%,2054
234,Hank Pfister,10,10,6,0,2,0,2,0,0,0,0,0,0,0,0,0,0,0,0,0,0,0,0,0,0,0,0,-,0,2,0,55.1%,2060
235,Philipp Kohlschreiber,9,9,1,0,0,0,8,0,0,0,0,0,0,0,0,0,0,0,0,0,0,0,0,0,0,0,0,-,0,8,0,55.2%,2117
236,Jordi Arrese,9,9,0,0,1,2,6,0,0,0,0,0,0,0,0,0,0,0,0,0,0,0,0,0,0,0,0,-,0,6,0,51.6%,2005
236,Pablo Cuevas,9,9,0,0,1,0,8,0,0,0,0,0,0,0,0,0,0,0,0,0,0,0,0,0,0,0,0,-,0,6,0,51.9%,2004
236,Tim Wilkison,9,9,1,0,1,0,7,0,0,0,0,0,0,0,0,0,0,0,0,0,0,0,0,0,0,0,0,-,0,6,0,49.7%,2036
239,Jeff Borowiak,9,9,0,0,2,0,7,0,0,0,0,0,0,0,0,0,0,0,0,0,0,0,0,0,0,0,0,-,0,5,0,48.6%,2079
239,Paradorn Srichaphan,9,9,0,0,3,0,6,0,0,0,0,0,0,0,0,0,0,0,0,0,0,0,0,0,0,0,0,-,0,5,0,56.2%,2103
241,Jason Stoltenberg,9,9,2,0,2,0,5,0,0,0,0,0,0,0,0,0,0,0,0,0,0,0,0,0,0,0,0,-,0,4,0,53.2%,2068
241,Mark Woodforde,9,9,2,0,1,0,6,0,0,0,0,0,0,0,0,0,0,0,0,0,0,0,0,0,0,0,0,-,0,4,0,50.6%,2062
243,Alexandr Dolgopolov,9,9,1,0,2,0,6,0,0,0,0,0,0,0,0,0,0,0,0,0,0,0,0,0,0,0,0,-,0,3,0,52.1%,2057
243,Chris Lewis Nzl,9,9,4,0,2,0,3,0,0,0,0,0,0,0,0,0,0,0,0,0,0,0,0,0,0,0,0,-,0,3,0,54.4%,2000
243,Scott Davis,9,9,1,0,4,0,4,0,0,0,0,0,0,0,0,0,0,0,0,0,0,0,0,0,0,0,0,-,0,3,0,51.0%,2052
246,John Sadri,9,9,6,0,1,0,2,0,0,0,0,0,0,0,0,0,0,0,0,0,0,0,0,0,0,0,0,-,0,2,0,53.1%,2080
247,Max Mirnyi,9,9,1,0,5,0,3,0,0,0,0,0,0,0,0,0,0,0,0,0,0,0,0,0,0,0,0,-,0,1,0,50.2%,2041
248,Chris Woodruff,8,8,1,0,5,0,2,0,0,0,0,0,0,0,0,0,0,0,0,0,0,0,0,0,0,0,1,-,1,2,0,51.2%,2010
249,John Fitzgerald,8,8,0,0,0,0,7,1,0,0,0,0,0,0,0,0,0,0,0,0,0,0,0,0,0,0,0,-,0,6,0,51.0%,2011
249,Martin Klizan,8,8,0,0,0,0,8,0,0,0,0,0,0,0,0,0,0,0,0,0,0,0,0,0,0,0,0,-,0,6,0,49.0%,1998
249,Paolo Bertolucci,8,8,1,0,1,0,6,0,0,0,0,0,0,0,0,0,0,0,0,0,0,0,0,0,0,0,0,-,0,6,0,58.1%,2052
252,Michael Llodra,8,8,0,0,2,0,6,0,0,0,0,0,0,0,0,0,0,0,0,0,0,0,0,0,0,0,0,-,0,5,0,45.8%,2012
252,Thierry Tulasne,8,8,0,0,3,0,5,0,0,0,0,0,0,0,0,0,0,0,0,0,0,0,0,0,0,0,0,-,0,5,0,50.9%,2067
254,Charlie Pasarell,8,8,1,0,4,0,3,0,0,0,0,0,0,0,0,0,0,0,0,0,0,0,0,0,0,0,0,-,0,4,0,51.4%,2065
254,Jan Siemerink,8,8,1,0,1,0,6,0,0,0,0,0,0,0,0,0,0,0,0,0,0,0,0,0,0,0,0,-,0,4,0,50.2%,2064
256,Arnaud Boetsch,8,8,0,0,4,0,3,1,0,0,0,0,0,0,0,0,0,0,0,0,0,0,0,0,0,0,0,-,0,3,0,53.2%,2073
256,Aslan Karatsev,8,8,2,0,1,0,5,0,0,0,0,0,0,0,0,0,0,0,0,0,0,0,0,0,0,0,0,-,0,3,0,47.3%,1998
256,Mal Anderson,8,8,4,0,1,0,3,0,0,0,0,0,0,0,0,0,0,0,0,0,0,0,0,0,0,0,0,-,0,3,0,61.8%,2051
256,Mariano Puerta,8,8,4,0,0,0,4,0,0,0,0,0,0,0,0,0,0,0,0,0,0,0,0,0,0,0,0,-,0,3,0,52.0%,2042
256,Mariano Zabaleta,8,8,1,0,3,0,4,0,0,0,0,0,0,0,0,0,0,0,0,0,0,0,0,0,0,0,0,-,0,3,0,48.7%,2027
256,Peter Fleming,8,8,1,0,1,0,6,0,0,0,0,0,0,0,0,0,0,0,0,0,0,0,0,0,0,0,0,-,0,3,0,51.1%,2148
262,Slobodan Zivojinovic,8,8,5,0,0,0,3,0,0,0,0,0,0,0,0,0,0,0,0,0,0,0,0,0,0,0,0,-,0,2,0,52.4%,2044
262,Todd Woodbridge,8,8,2,0,2,0,4,0,0,0,0,0,0,0,0,0,0,0,0,0,0,0,0,0,0,0,0,-,0,2,0,50.8%,2039
264,Goran Prpic,8,8,2,0,4,0,1,1,0,0,0,0,0,0,0,0,0,0,0,0,0,0,0,0,0,0,0,-,0,1,0,51.0%,2081
264,John Lloyd,8,8,6,0,0,0,2,0,0,0,0,0,0,0,0,0,0,0,0,0,0,0,0,0,0,0,0,-,0,1,0,44.4%,2027
264,Patrick Proisy,8,8,7,0,0,0,1,0,0,0,0,0,0,0,0,0,0,0,0,0,0,0,0,0,0,0,0,-,0,1,0,53.6%,1972
267,Dmitry Tursunov,7,7,0,0,0,0,7,0,0,0,0,0,0,0,0,0,0,0,0,0,0,0,0,0,0,0,0,-,0,7,0,51.4%,2042
267,Luiz Mattar,7,7,0,0,0,0,7,0,0,0,0,0,0,0,0,0,0,0,0,0,0,0,0,0,0,0,0,-,0,7,0,51.8%,1944
269,Albert Montanes,7,7,0,0,0,0,7,0,0,0,0,0,0,0,0,0,0,0,0,0,0,0,0,0,0,0,0,-,0,6,0,47.0%,2019
269,Martin Mulligan,7,7,1,0,0,0,6,0,0,0,0,0,0,0,0,0,0,0,0,0,0,0,0,0,0,0,0,-,0,6,0,63.0%,2136
269,Sebastian Baez,7,7,0,0,0,0,7,0,0,0,0,0,0,0,0,0,0,0,0,0,0,0,0,0,0,0,0,-,0,6,0,50.9%,1970
272,Christian Garin,7,7,1,0,0,0,6,0,0,0,0,0,0,0,0,0,0,0,0,0,0,0,0,0,0,0,0,-,0,5,0,51.6%,2010
272,Heinz Gunthardt,7,7,2,0,0,0,5,0,0,0,0,0,0,0,0,0,0,0,0,0,0,0,0,0,0,0,0,-,0,5,0,54.5%,2075
272,Ion Tiriac,7,7,1,0,0,0,5,1,0,0,0,0,0,0,0,0,0,0,0,0,0,0,0,0,0,0,0,-,0,5,0,53.4%,2058
275,Albert Ramos,7,7,1,0,2,0,4,0,0,0,0,0,0,0,0,0,0,0,0,0,0,0,0,0,0,0,0,-,0,4,0,45.9%,2014
275,Andrew Pattison,7,7,1,0,1,0,5,0,0,0,0,0,0,0,0,0,0,0,0,0,0,0,0,0,0,0,0,-,0,4,0,52.1%,2060
275,Hans Gildemeister,7,7,3,0,0,0,4,0,0,0,0,0,0,0,0,0,0,0,0,0,0,0,0,0,0,0,0,-,0,4,0,59.6%,2104
275,Javier Sanchez,7,7,2,0,1,0,4,0,0,0,0,0,0,0,0,0,0,0,0,0,0,0,0,0,0,0,0,-,0,4,0,49.4%,1989
275,Karl Meiler,7,7,2,0,1,0,4,0,0,0,0,0,0,0,0,0,0,0,0,0,0,0,0,0,0,0,0,-,0,4,0,56.9%,2015
275,Reilly Opelka,7,7,0,0,3,0,4,0,0,0,0,0,0,0,0,0,0,0,0,0,0,0,0,0,0,0,0,-,0,4,0,51.3%,2033
281,Brian Fairlie,7,7,1,0,1,0,5,0,0,0,0,0,0,0,0,0,0,0,0,0,0,0,0,0,0,0,0,-,0,3,0,50.3%,2023
281,Carl Uwe Steeb,7,7,0,0,2,0,4,1,0,0,0,0,0,0,0,0,0,0,0,0,0,0,0,0,0,0,0,-,0,3,0,50.0%,2063
281,Jan Michael Gambill,7,7,1,0,3,0,3,0,0,0,0,0,0,0,0,0,0,0,0,0,0,0,0,0,0,0,0,-,0,3,0,50.6%,2091
281,Mel Purcell,7,7,1,0,2,0,4,0,0,0,0,0,0,0,0,0,0,0,0,0,0,0,0,0,0,0,0,-,0,3,0,53.8%,2088
281,Robby Ginepri,7,7,2,0,2,0,3,0,0,0,0,0,0,0,0,0,0,0,0,0,0,0,0,0,0,0,0,-,0,3,0,48.0%,2057
286,Agustin Calleri,7,7,0,0,2,0,4,1,0,0,0,0,0,0,0,0,0,0,0,0,0,0,0,0,0,0,0,-,0,2,0,52.8%,2043
286,Andrei Cherkasov,7,7,3,0,0,1,3,0,0,0,0,0,0,0,0,0,0,0,0,0,0,0,0,0,0,0,0,-,0,2,0,47.4%,2063
286,Ben Shelton,7,7,3,0,0,0,4,0,0,0,0,0,0,0,0,0,0,0,0,0,0,0,0,0,0,0,0,-,0,2,0,57.0%,2019
286,Florian Mayer,7,7,2,0,0,0,4,1,0,0,0,0,0,0,0,0,0,0,0,0,0,0,0,0,0,0,0,-,0,2,0,48.2%,2044
286,Lorenzo Musetti,7,7,2,0,0,1,4,0,0,0,0,0,0,0,0,0,0,0,0,0,0,0,0,0,0,0,0,-,0,2,0,54.7%,2052
291,Hicham Arazi,7,7,4,0,2,0,1,0,0,0,0,0,0,0,0,0,0,0,0,0,0,0,0,0,0,0,0,-,0,1,0,49.4%,2025
292,Alexei Popyrin,6,6,0,0,4,0,2,0,0,0,0,0,0,0,0,0,0,0,0,0,0,0,0,0,0,0,1,-,1,3,0,45.4%,1998
293,Manuel Santana,6,6,0,0,0,0,6,0,0,0,0,0,0,0,0,0,0,0,0,0,0,0,0,0,0,0,0,-,0,7,0,71.4%,2157
294,Adrian Mannarino,6,6,0,0,0,0,6,0,0,0,0,0,0,0,0,0,0,0,0,0,0,0,0,0,0,0,0,-,0,5,0,46.8%,2019
294,Marcelo Filippini,6,6,1,0,0,0,5,0,0,0,0,0,0,0,0,0,0,0,0,0,0,0,0,0,0,0,0,-,0,5,0,49.6%,1971
294,Thomaz Koch,6,6,1,0,0,0,5,0,0,0,0,0,0,0,0,0,0,0,0,0,0,0,0,0,0,0,0,-,0,5,0,56.3%,2031
297,Alexander Bublik,6,6,0,0,0,0,6,0,0,0,0,0,0,0,0,0,0,0,0,0,0,0,0,0,0,0,0,-,0,4,0,50.0%,1996
297,Bernard Tomic,6,6,1,0,0,0,5,0,0,0,0,0,0,0,0,0,0,0,0,0,0,0,0,0,0,0,0,-,0,4,0,50.5%,2037
297,Butch Walts,6,6,1,0,0,0,5,0,0,0,0,0,0,0,0,0,0,0,0,0,0,0,0,0,0,0,0,-,0,4,0,51.1%,2039
297,Jacco Eltingh,6,6,2,0,0,0,4,0,0,0,0,0,0,0,0,0,0,0,0,0,0,0,0,0,0,0,0,-,0,4,0,46.4%,2028
297,Lorenzo Sonego,6,6,0,0,1,0,5,0,0,0,0,0,0,0,0,0,0,0,0,0,0,0,0,0,0,0,0,-,0,4,0,48.0%,1996
297,Marcel Granollers,6,6,0,0,0,0,6,0,0,0,0,0,0,0,0,0,0,0,0,0,0,0,0,0,0,0,0,-,0,4,0,44.7%,2004
297,Pablo Andujar,6,6,0,0,1,0,5,0,0,0,0,0,0,0,0,0,0,0,0,0,0,0,0,0,0,0,0,-,0,4,0,40.2%,1929
297,Paul Henri Mathieu,6,6,0,0,1,0,5,0,0,0,0,0,0,0,0,0,0,0,0,0,0,0,0,0,0,0,0,-,0,4,0,47.4%,2082
297,Richard Fromberg,6,6,0,0,0,0,4,2,0,0,0,0,0,0,0,0,0,0,0,0,0,0,0,0,0,0,0,-,0,4,0,47.1%,1965
297,Taylor Dent,6,6,0,0,0,0,6,0,0,0,0,0,0,0,0,0,0,0,0,0,0,0,0,0,0,0,0,-,0,4,0,51.9%,2040
307,Fernando Meligeni,6,6,2,0,0,0,4,0,0,0,0,0,0,0,0,0,0,0,0,0,0,0,0,0,0,0,0,-,0,3,0,48.2%,2021
307,Franco Squillari,6,6,2,0,0,0,4,0,0,0,0,0,0,0,0,0,0,0,0,0,0,0,0,0,0,0,0,-,0,3,0,48.4%,2009
307,Igor Andreev,6,6,1,0,0,0,3,2,0,0,0,0,0,0,0,0,0,0,0,0,0,0,0,0,0,0,0,-,0,3,0,50.6%,2062
307,Joachim Johansson,6,6,2,0,0,0,4,0,0,0,0,0,0,0,0,0,0,0,0,0,0,0,0,0,0,0,0,-,0,3,0,55.0%,2074
307,Jose Acasuso,6,6,0,0,1,0,4,1,0,0,0,0,0,0,0,0,0,0,0,0,0,0,0,0,0,0,0,-,0,3,0,51.3%,2011
307,Paul Annacone,6,6,1,0,0,0,5,0,0,0,0,0,0,0,0,0,0,0,0,0,0,0,0,0,0,0,0,-,0,3,0,54.7%,2055
307,Peter Lundgren,6,6,0,0,2,0,4,0,0,0,0,0,0,0,0,0,0,0,0,0,0,0,0,0,0,0,0,-,0,3,0,46.7%,2010
307,Richey Reneberg,6,6,0,0,2,0,4,0,0,0,0,0,0,0,0,0,0,0,0,0,0,0,0,0,0,0,0,-,0,3,0,53.9%,2064
307,Viktor Troicki,6,6,0,0,0,0,3,3,0,0,0,0,0,0,0,0,0,0,0,0,0,0,0,0,0,0,0,-,0,3,0,51.9%,2091
316,Bernd Karbacher,6,6,2,0,1,0,3,0,0,0,0,0,0,0,0,0,0,0,0,0,0,0,0,0,0,0,0,-,0,2,0,45.6%,2007
316,Byron Black,6,6,2,0,0,0,4,0,0,0,0,0,0,0,0,0,0,0,0,0,0,0,0,0,0,0,0,-,0,2,0,52.7%,2008
316,David Pate,6,6,0,0,2,0,4,0,0,0,0,0,0,0,0,0,0,0,0,0,0,0,0,0,0,0,0,-,0,2,0,51.9%,2023
316,Francois Jauffret,6,6,3,0,1,0,2,0,0,0,0,0,0,0,0,0,0,0,0,0,0,0,0,0,0,0,0,-,0,2,0,60.2%,2026
316,Juan Gisbert,6,6,4,0,0,0,2,0,0,0,0,0,0,0,0,0,0,0,0,0,0,0,0,0,0,0,0,-,0,2,0,57.3%,1985
316,Martin Verkerk,6,6,4,0,0,0,2,0,0,0,0,0,0,0,0,0,0,0,0,0,0,0,0,0,0,0,0,-,0,2,0,45.7%,1980
316,Paul Mcnamee,6,6,3,0,0,0,3,0,0,0,0,0,0,0,0,0,0,0,0,0,0,0,0,0,0,0,0,-,0,2,0,51.6%,2032
316,Sebastian Korda,6,6,1,0,2,0,3,0,0,0,0,0,0,0,0,0,0,0,0,0,0,0,0,0,0,0,0,-,0,2,0,60.6%,2071
324,Paul Haarhuis,6,6,1,0,2,0,3,0,0,0,0,0,0,0,0,0,0,0,0,0,0,0,0,0,0,0,0,-,0,1,0,50.9%,2046
324,Vincent Spadea,6,6,1,0,3,0,2,0,0,0,0,0,0,0,0,0,0,0,0,0,0,0,0,0,0,0,0,-,0,1,0,46.4%,2034
326,Albert Portas,5,5,0,0,4,0,1,0,0,0,0,0,0,0,0,0,0,0,0,0,0,0,0,0,0,0,1,-,1,1,0,41.8%,1993
327,Guillermo Garcia Lopez,5,5,0,0,0,0,5,0,0,0,0,0,0,0,0,0,0,0,0,0,0,0,0,0,0,0,0,-,0,5,0,45.6%,2009
328,Jiri Hrebec,5,5,0,0,0,0,4,1,0,0,0,0,0,0,0,0,0,0,0,0,0,0,0,0,0,0,0,-,0,4,0,51.0%,2013
328,Steve Johnson,5,5,0,0,0,0,5,0,0,0,0,0,0,0,0,0,0,0,0,0,0,0,0,0,0,0,0,-,0,4,0,49.1%,2042
328,Thomaz Bellucci,5,5,0,0,1,0,4,0,0,0,0,0,0,0,0,0,0,0,0,0,0,0,0,0,0,0,0,-,0,4,0,47.8%,1996
331,Andrea Gaudenzi,5,5,0,0,1,0,4,0,0,0,0,0,0,0,0,0,0,0,0,0,0,0,0,0,0,0,0,-,0,3,0,48.7%,2033
331,Andreas Seppi,5,5,0,0,1,0,4,0,0,0,0,0,0,0,0,0,0,0,0,0,0,0,0,0,0,0,0,-,0,3,0,47.8%,2030
331,Arthur Fils,5,5,0,0,0,0,5,0,0,0,0,0,0,0,0,0,0,0,0,0,0,0,0,0,0,0,0,-,0,3,0,56.6%,1998
331,Benoit Paire,5,5,0,0,1,0,4,0,0,0,0,0,0,0,0,0,0,0,0,0,0,0,0,0,0,0,0,-,0,3,0,44.9%,2003
331,Bohdan Ulihrach,5,5,0,0,2,0,3,0,0,0,0,0,0,0,0,0,0,0,0,0,0,0,0,0,0,0,0,-,0,3,0,48.3%,2016
331,Kenneth Carlsen,5,5,0,0,0,0,5,0,0,0,0,0,0,0,0,0,0,0,0,0,0,0,0,0,0,0,0,-,0,3,0,48.1%,1944
331,Marco Cecchinato,5,5,2,0,0,0,3,0,0,0,0,0,0,0,0,0,0,0,0,0,0,0,0,0,0,0,0,-,0,3,0,38.0%,1953
331,Nicolas Jarry,5,5,0,0,2,0,3,0,0,0,0,0,0,0,0,0,0,0,0,0,0,0,0,0,0,0,0,-,0,3,0,50.7%,1992
331,Ronald Agenor,5,5,1,0,1,0,3,0,0,0,0,0,0,0,0,0,0,0,0,0,0,0,0,0,0,0,0,-,0,3,0,46.9%,2017
331,Slava Dosedel,5,5,1,0,1,0,3,0,0,0,0,0,0,0,0,0,0,0,0,0,0,0,0,0,0,0,0,-,0,3,0,50.4%,2009
331,Victor Amaya,5,5,2,0,0,0,3,0,0,0,0,0,0,0,0,0,0,0,0,0,0,0,0,0,0,0,0,-,0,3,0,51.9%,2108
331,Xavier Malisse,5,5,2,0,0,0,3,0,0,0,0,0,0,0,0,0,0,0,0,0,0,0,0,0,0,0,0,-,0,3,0,51.8%,2035
343,Bob Giltinan,5,5,3,0,0,0,2,0,0,0,0,0,0,0,0,0,0,0,0,0,0,0,0,0,0,0,0,-,0,2,0,42.5%,1864
343,Buster C Mottram,5,5,0,0,2,0,2,1,0,0,0,0,0,0,0,0,0,0,0,0,0,0,0,0,0,0,0,-,0,2,0,62.4%,2068
343,Daniel Evans,5,5,0,0,2,0,3,0,0,0,0,0,0,0,0,0,0,0,0,0,0,0,0,0,0,0,0,-,0,2,0,46.1%,2002
343,Darren Cahill,5,5,2,0,0,0,2,1,0,0,0,0,0,0,0,0,0,0,0,0,0,0,0,0,0,0,0,-,0,2,0,52.2%,2050
343,Filip Dewulf,5,5,3,0,0,0,2,0,0,0,0,0,0,0,0,0,0,0,0,0,0,0,0,0,0,0,0,-,0,2,0,43.7%,1968
343,Jack Draper,5,5,2,0,0,0,3,0,0,0,0,0,0,0,0,0,0,0,0,0,0,0,0,0,0,0,0,-,0,2,0,61.1%,2080
343,Jarkko Nieminen,5,5,3,0,0,0,2,0,0,0,0,0,0,0,0,0,0,0,0,0,0,0,0,0,0,0,0,-,0,2,0,54.0%,2034
343,Leonardo Mayer,5,5,0,0,0,0,5,0,0,0,0,0,0,0,0,0,0,0,0,0,0,0,0,0,0,0,0,-,0,2,0,47.6%,1999
351,Georges Goven,5,5,2,0,2,0,1,0,0,0,0,0,0,0,0,0,0,0,0,0,0,0,0,0,0,0,0,-,0,1,0,46.0%,2005
351,Pat Dupre,5,5,3,0,1,0,1,0,0,0,0,0,0,0,0,0,0,0,0,0,0,0,0,0,0,0,0,-,0,1,0,47.9%,2094
351,Raymond Moore,5,5,2,0,1,0,2,0,0,0,0,0,0,0,0,0,0,0,0,0,0,0,0,0,0,0,0,-,0,1,0,47.2%,1995
351,Tom Gullikson,5,5,1,0,2,0,2,0,0,0,0,0,0,0,0,0,0,0,0,0,0,0,0,0,0,0,0,-,0,1,0,49.3%,1965
355,Frank Froehling,5,5,3,0,1,0,0,1,0,0,0,0,0,0,0,0,0,0,0,0,0,0,0,0,0,0,0,-,0,0,0,41.7%,1968
356,Roberto Carretero,4,4,0,0,4,0,0,0,0,0,0,0,0,0,0,0,0,0,0,0,0,0,0,0,0,0,1,-,1,1,0,33.8%,1913
357,Gerald Battrick,4,4,0,0,0,0,4,0,0,0,0,0,0,0,0,0,0,0,0,0,0,0,0,0,0,0,0,-,0,4,0,46.2%,1984
357,Horacio De La Pena,4,4,0,0,0,0,4,0,0,0,0,0,0,0,0,0,0,0,0,0,0,0,0,0,0,0,0,-,0,4,0,51.4%,1981
357,Joao Sousa,4,4,0,0,0,0,4,0,0,0,0,0,0,0,0,0,0,0,0,0,0,0,0,0,0,0,0,-,0,4,0,44.4%,1974
357,Marty Davis,4,4,0,0,0,0,4,0,0,0,0,0,0,0,0,0,0,0,0,0,0,0,0,0,0,0,0,-,0,4,0,47.6%,1959
357,Nicolas Mahut,4,4,0,0,0,0,4,0,0,0,0,0,0,0,0,0,0,0,0,0,0,0,0,0,0,0,0,-,0,4,0,44.6%,1970
357,Sergiy Stakhovsky,4,4,0,0,0,0,4,0,0,0,0,0,0,0,0,0,0,0,0,0,0,0,0,0,0,0,0,-,0,4,0,44.7%,1947
363,Fernando Vicente,4,4,0,0,0,0,4,0,0,0,0,0,0,0,0,0,0,0,0,0,0,0,0,0,0,0,0,-,0,3,0,42.4%,1932
363,Francisco Cerundolo,4,4,0,0,1,0,3,0,0,0,0,0,0,0,0,0,0,0,0,0,0,0,0,0,0,0,0,-,0,3,0,52.9%,2015
363,Franco Davin,4,4,1,0,0,0,3,0,0,0,0,0,0,0,0,0,0,0,0,0,0,0,0,0,0,0,0,-,0,3,0,49.7%,1999
363,Jurgen Fassbender,4,4,1,0,0,0,3,0,0,0,0,0,0,0,0,0,0,0,0,0,0,0,0,0,0,0,0,-,0,3,0,52.3%,2000
363,Kelly Evernden,4,4,1,0,0,0,3,0,0,0,0,0,0,0,0,0,0,0,0,0,0,0,0,0,0,0,0,-,0,3,0,48.1%,2001
363,Nicklas Kulti,4,4,1,0,0,0,3,0,0,0,0,0,0,0,0,0,0,0,0,0,0,0,0,0,0,0,0,-,0,3,0,45.8%,1970
363,Paolo Cane,4,4,0,0,0,1,3,0,0,0,0,0,0,0,0,0,0,0,0,0,0,0,0,0,0,0,0,-,0,3,0,50.9%,2009
363,Peter Feigl,4,4,1,0,0,0,3,0,0,0,0,0,0,0,0,0,0,0,0,0,0,0,0,0,0,0,0,-,0,3,0,48.8%,1959
363,Stefan Koubek,4,4,1,0,0,0,3,0,0,0,0,0,0,0,0,0,0,0,0,0,0,0,0,0,0,0,0,-,0,3,0,45.9%,1970
363,Yoshihito Nishioka,4,4,0,0,0,0,4,0,0,0,0,0,0,0,0,0,0,0,0,0,0,0,0,0,0,0,0,-,0,3,0,47.5%,1977
373,Dan Goldie,4,4,1,0,1,0,2,0,0,0,0,0,0,0,0,0,0,0,0,0,0,0,0,0,0,0,0,-,0,2,0,51.0%,2004
373,Davide Sanguinetti,4,4,1,0,0,0,3,0,0,0,0,0,0,0,0,0,0,0,0,0,0,0,0,0,0,0,0,-,0,2,0,41.1%,1938
373,Dusan Lajovic,4,4,0,0,2,0,2,0,0,0,0,0,0,0,0,0,0,0,0,0,0,0,0,0,0,0,0,-,0,2,0,44.1%,1962
373,Federico Delbonis,4,4,0,0,0,0,3,1,0,0,0,0,0,0,0,0,0,0,0,0,0,0,0,0,0,0,0,-,0,2,0,45.1%,1953
373,Gilles Muller,4,4,2,0,0,0,2,0,0,0,0,0,0,0,0,0,0,0,0,0,0,0,0,0,0,0,0,-,0,2,0,52.1%,2098
373,Karim Alami,4,4,0,0,1,0,3,0,0,0,0,0,0,0,0,0,0,0,0,0,0,0,0,0,0,0,0,-,0,2,0,46.6%,1969
373,Kyle Edmund,4,4,2,0,0,0,2,0,0,0,0,0,0,0,0,0,0,0,0,0,0,0,0,0,0,0,0,-,0,2,0,48.6%,2038
373,Laslo Djere,4,4,0,0,0,0,4,0,0,0,0,0,0,0,0,0,0,0,0,0,0,0,0,0,0,0,0,-,0,2,0,48.6%,1958
373,Mark Dickson,4,4,1,0,0,0,3,0,0,0,0,0,0,0,0,0,0,0,0,0,0,0,0,0,0,0,0,-,0,2,0,51.8%,1975
373,Marton Fucsovics,4,4,1,0,0,0,3,0,0,0,0,0,0,0,0,0,0,0,0,0,0,0,0,0,0,0,0,-,0,2,0,49.4%,2018
373,Renzo Furlan,4,3,1,0,0,0,2,0,0,0,0,0,0,0,1,0,0,0,0,0,0,1,0,0,0,0,0,-,0,2,0,48.2%,2021
384,Barry Phillips Moore,4,4,3,0,0,0,1,0,0,0,0,0,0,0,0,0,0,0,0,0,0,0,0,0,0,0,0,-,0,1,0,47.3%,1932
384,Derrick Rostagno,4,4,1,0,0,0,3,0,0,0,0,0,0,0,0,0,0,0,0,0,0,0,0,0,0,0,0,-,0,1,0,50.9%,2070
384,Jan Gunnarsson,4,4,2,0,1,0,1,0,0,0,0,0,0,0,0,0,0,0,0,0,0,0,0,0,0,0,0,-,0,1,0,48.1%,1979
384,Patrick McEnroe,4,4,3,0,0,0,1,0,0,0,0,0,0,0,0,0,0,0,0,0,0,0,0,0,0,0,0,-,0,1,0,46.2%,1994
384,Rod Frawley,4,4,3,0,0,0,1,0,0,0,0,0,0,0,0,0,0,0,0,0,0,0,0,0,0,0,0,-,0,1,0,44.5%,1951
389,Alejandro Davidovich Fokina,4,4,1,0,3,0,0,0,0,0,0,0,0,0,0,0,0,0,0,0,0,0,0,0,0,0,0,-,0,0,0,49.8%,1998
389,Filip Krajinovic,4,4,0,0,2,0,2,0,0,0,0,0,0,0,0,0,0,0,0,0,0,0,0,0,0,0,0,-,0,0,0,48.4%,2033
389,Jerzy Janowicz,4,4,2,0,2,0,0,0,0,0,0,0,0,0,0,0,0,0,0,0,0,0,0,0,0,0,0,-,0,0,0,51.8%,2027
389,John Marks,4,4,4,0,0,0,0,0,0,0,0,0,0,0,0,0,0,0,0,0,0,0,0,0,0,0,0,-,0,0,0,25.7%,1872
389,Julien Benneteau,4,4,1,0,2,0,1,0,0,0,0,0,0,0,0,0,0,0,0,0,0,0,0,0,0,0,0,-,0,0,0,47.8%,2027
389,Pierre Barthes,4,4,0,3,1,0,0,0,0,0,0,0,0,0,0,0,0,0,0,0,0,0,0,0,0,0,0,-,0,0,0,49.7%,2126
395,Alberto Martin,3,3,0,0,0,0,3,0,0,0,0,0,0,0,0,0,0,0,0,0,0,0,0,0,0,0,0,-,0,3,0,44.8%,1963
395,Damir Dzumhur,3,3,0,0,0,0,3,0,0,0,0,0,0,0,0,0,0,0,0,0,0,0,0,0,0,0,0,-,0,3,0,46.5%,1994
395,David Prinosil,3,3,0,0,0,0,3,0,0,0,0,0,0,0,0,0,0,0,0,0,0,0,0,0,0,0,0,-,0,3,0,43.3%,1963
395,Javier Frana,3,3,0,0,0,0,3,0,0,0,0,0,0,0,0,0,0,0,0,0,0,0,0,0,0,0,0,-,0,3,0,50.8%,2037
395,Mario Martinez,3,3,0,0,0,0,3,0,0,0,0,0,0,0,0,0,0,0,0,0,0,0,0,0,0,0,0,-,0,3,0,53.3%,1950
395,Mike Bauer,3,3,0,0,0,0,3,0,0,0,0,0,0,0,0,0,0,0,0,0,0,0,0,0,0,0,0,-,0,3,0,45.2%,1935
395,Pedro Rebolledo,3,3,0,0,0,0,3,0,0,0,0,0,0,0,0,0,0,0,0,0,0,0,0,0,0,0,0,-,0,3,0,49.3%,1946
395,Robert Maud,3,3,0,0,0,0,3,0,0,0,0,0,0,0,0,0,0,0,0,0,0,0,0,0,0,0,0,-,0,3,0,44.5%,1921
395,Van Winitsky,3,3,0,0,0,0,3,0,0,0,0,0,0,0,0,0,0,0,0,0,0,0,0,0,0,0,0,-,0,3,0,44.2%,1986
395,Victor Estrella,3,3,0,0,0,0,3,0,0,0,0,0,0,0,0,0,0,0,0,0,0,0,0,0,0,0,0,-,0,3,0,50.3%,1902
405,Alejandro Tabilo,3,3,0,0,1,0,2,0,0,0,0,0,0,0,0,0,0,0,0,0,0,0,0,0,0,0,0,-,0,2,0,50.9%,1958
405,Brad Drewett,3,3,1,0,0,0,2,0,0,0,0,0,0,0,0,0,0,0,0,0,0,0,0,0,0,0,0,-,0,2,0,44.3%,1905
405,Christo Van Rensburg,3,3,0,0,0,0,3,0,0,0,0,0,0,0,0,0,0,0,0,0,0,0,0,0,0,0,0,-,0,2,0,50.9%,2017
405,Filippo Volandri,3,3,0,0,1,0,2,0,0,0,0,0,0,0,0,0,0,0,0,0,0,0,0,0,0,0,0,-,0,2,0,44.3%,1986
405,Frew Mcmillan,3,3,1,0,0,0,2,0,0,0,0,0,0,0,0,0,0,0,0,0,0,0,0,0,0,0,0,-,0,2,0,42.4%,1932
405,Geoff Masters,3,3,1,0,0,0,2,0,0,0,0,0,0,0,0,0,0,0,0,0,0,0,0,0,0,0,0,-,0,2,0,47.9%,1997
405,Giovanni Mpetshi Perricard,3,3,0,0,0,0,3,0,0,0,0,0,0,0,0,0,0,0,0,0,0,0,0,0,0,0,0,-,0,2,0,54.5%,1896
405,Han Jurgen Pohmann,3,3,1,0,0,0,2,0,0,0,0,0,0,0,0,0,0,0,0,0,0,0,0,0,0,0,0,-,0,2,0,49.8%,1943
405,Jerome Golmard,3,3,0,0,1,0,2,0,0,0,0,0,0,0,0,0,0,0,0,0,0,0,0,0,0,0,0,-,0,2,0,50.2%,2039
405,Jim Grabb,3,3,0,0,0,0,3,0,0,0,0,0,0,0,0,0,0,0,0,0,0,0,0,0,0,0,0,-,0,2,0,47.4%,1958
405,Jiri Vesely,3,3,0,0,0,0,3,0,0,0,0,0,0,0,0,0,0,0,0,0,0,0,0,0,0,0,0,-,0,2,0,45.8%,1952
405,Marc Kevin Goellner,3,3,0,0,0,0,2,1,0,0,0,0,0,0,0,0,0,0,0,0,0,0,0,0,0,0,0,-,0,2,0,45.2%,2014
405,Mike Belkin,3,3,1,0,0,0,2,0,0,0,0,0,0,0,0,0,0,0,0,0,0,0,0,0,0,0,0,-,0,2,0,58.6%,1936
405,Omar Camporese,3,3,0,0,0,0,3,0,0,0,0,0,0,0,0,0,0,0,0,0,0,0,0,0,0,0,0,-,0,2,0,48.9%,2075
405,Pavel Slozil,3,3,0,0,0,0,3,0,0,0,0,0,0,0,0,0,0,0,0,0,0,0,0,0,0,0,0,-,0,2,0,47.4%,1930
405,Robert Vant Hof,3,3,0,0,1,0,2,0,0,0,0,0,0,0,0,0,0,0,0,0,0,0,0,0,0,0,0,-,0,2,0,44.1%,1984
405,Robin Haase,3,3,0,0,1,0,2,0,0,0,0,0,0,0,0,0,0,0,0,0,0,0,0,0,0,0,0,-,0,2,0,45.7%,1946
405,Sammy Giammalva Jr,3,3,1,0,0,0,2,0,0,0,0,0,0,0,0,0,0,0,0,0,0,0,0,0,0,0,0,-,0,2,0,49.5%,1966
405,Shlomo Glickstein,3,3,1,0,0,0,2,0,0,0,0,0,0,0,0,0,0,0,0,0,0,0,0,0,0,0,0,-,0,2,0,54.2%,1995
405,Steve Darcis,3,3,0,0,0,0,3,0,0,0,0,0,0,0,0,0,0,0,0,0,0,0,0,0,0,0,0,-,0,2,0,46.8%,1950
405,Tallon Griekspoor,3,3,0,0,0,0,3,0,0,0,0,0,0,0,0,0,0,0,0,0,0,0,0,0,0,0,0,-,0,2,0,49.2%,1988
405,Ulrich Pinner,3,3,0,0,1,0,2,0,0,0,0,0,0,0,0,0,0,0,0,0,0,0,0,0,0,0,0,-,0,2,0,53.7%,2031
405,Vladimir Zednik,3,3,1,0,0,0,2,0,0,0,0,0,0,0,0,0,0,0,0,0,0,0,0,0,0,0,0,-,0,2,0,42.8%,1907
428,Andreas Vinciguerra,3,3,0,0,2,0,1,0,0,0,0,0,0,0,0,0,0,0,0,0,0,0,0,0,0,0,0,-,0,1,0,45.8%,1984
428,Antonio Zugarelli,3,3,0,0,2,0,1,0,0,0,0,0,0,0,0,0,0,0,0,0,0,0,0,0,0,0,0,-,0,1,0,42.6%,1940
428,Bob Carmichael,3,3,2,0,0,0,1,0,0,0,0,0,0,0,0,0,0,0,0,0,0,0,0,0,0,0,0,-,0,1,0,45.3%,2002
428,Carlos Kirmayr,3,3,0,0,2,0,1,0,0,0,0,0,0,0,0,0,0,0,0,0,0,0,0,0,0,0,0,-,0,1,0,47.1%,2010
428,Galo Blanco,3,3,1,0,0,0,2,0,0,0,0,0,0,0,0,0,0,0,0,0,0,0,0,0,0,0,0,-,0,1,0,41.1%,1929
428,Gilbert Schaller,3,1,0,0,0,0,1,0,0,0,0,0,0,0,2,0,0,0,0,0,0,0,2,0,0,0,0,-,0,1,0,46.6%,1982
428,Guido Pella,3,3,1,0,0,0,2,0,0,0,0,0,0,0,0,0,0,0,0,0,0,0,0,0,0,0,0,-,0,1,0,45.7%,2009
428,Ismail El Shafei,3,3,1,0,1,0,1,0,0,0,0,0,0,0,0,0,0,0,0,0,0,0,0,0,0,0,0,-,0,1,0,45.4%,2013
428,Jan Lennard Struff,3,3,0,0,2,0,1,0,0,0,0,0,0,0,0,0,0,0,0,0,0,0,0,0,0,0,0,-,0,1,0,47.9%,2037
428,Jeremy Chardy,3,3,1,0,1,0,1,0,0,0,0,0,0,0,0,0,0,0,0,0,0,0,0,0,0,0,0,-,0,1,0,49.3%,2016
428,Jiri Lehecka,3,3,1,0,1,0,1,0,0,0,0,0,0,0,0,0,0,0,0,0,0,0,0,0,0,0,0,-,0,1,0,53.3%,2017
428,John Cooper,3,3,2,0,0,0,1,0,0,0,0,0,0,0,0,0,0,0,0,0,0,0,0,0,0,0,0,-,0,1,0,49.7%,1916
428,John Millman,3,3,1,0,0,0,2,0,0,0,0,0,0,0,0,0,0,0,0,0,0,0,0,0,0,0,0,-,0,1,0,44.8%,1954
428,Mikael Tillstrom,3,3,1,0,0,0,2,0,0,0,0,0,0,0,0,0,0,0,0,0,0,0,0,0,0,0,0,-,0,1,0,49.8%,1985
428,Tennys Sandgren,3,3,2,0,0,0,1,0,0,0,0,0,0,0,0,0,0,0,0,0,0,0,0,0,0,0,0,-,0,1,0,38.2%,1940
443,Ben Testerman,3,3,2,0,1,0,0,0,0,0,0,0,0,0,0,0,0,0,0,0,0,0,0,0,0,0,0,-,0,0,0,46.0%,1947
443,Christian Bergstrom,3,3,3,0,0,0,0,0,0,0,0,0,0,0,0,0,0,0,0,0,0,0,0,0,0,0,0,-,0,0,0,49.8%,2018
443,Michiel Schapers,3,3,2,0,1,0,0,0,0,0,0,0,0,0,0,0,0,0,0,0,0,0,0,0,0,0,0,-,0,0,0,47.0%,1970
443,Vasek Pospisil,3,3,1,0,1,0,1,0,0,0,0,0,0,0,0,0,0,0,0,0,0,0,0,0,0,0,0,-,0,0,0,43.7%,1987
447,Andrei Olhovskiy,2,2,0,0,0,0,2,0,0,0,0,0,0,0,0,0,0,0,0,0,0,0,0,0,0,0,0,-,0,2,0,41.5%,1921
447,Andrew Ilie,2,2,0,0,0,0,2,0,0,0,0,0,0,0,0,0,0,0,0,0,0,0,0,0,0,0,0,-,0,2,0,43.4%,1926
447,Angel Gimenez,2,2,0,0,0,0,2,0,0,0,0,0,0,0,0,0,0,0,0,0,0,0,0,0,0,0,0,-,0,2,0,44.3%,1912
447,Bernard Mitton,2,2,0,0,0,0,2,0,0,0,0,0,0,0,0,0,0,0,0,0,0,0,0,0,0,0,0,-,0,2,0,47.7%,1962
447,Bryan Shelton,2,2,0,0,0,0,2,0,0,0,0,0,0,0,0,0,0,0,0,0,0,0,0,0,0,0,0,-,0,2,0,43.2%,1913
447,Carlos Berlocq,2,2,0,0,0,0,2,0,0,0,0,0,0,0,0,0,0,0,0,0,0,0,0,0,0,0,0,-,0,2,0,41.0%,1966
447,Christian Kuhnke,2,2,0,0,0,0,2,0,0,0,0,0,0,0,0,0,0,0,0,0,0,0,0,0,0,0,0,-,0,2,0,65.6%,1977
447,Christian Saceanu,2,2,0,0,0,0,2,0,0,0,0,0,0,0,0,0,0,0,0,0,0,0,0,0,0,0,0,-,0,2,0,39.2%,1887
447,David Sanchez,2,2,0,0,0,0,2,0,0,0,0,0,0,0,0,0,0,0,0,0,0,0,0,0,0,0,0,-,0,2,0,42.2%,1908
447,Denis Istomin,2,2,0,0,0,0,2,0,0,0,0,0,0,0,0,0,0,0,0,0,0,0,0,0,0,0,0,-,0,2,0,46.5%,1987
447,Erik Van Dillen,2,2,0,0,0,0,2,0,0,0,0,0,0,0,0,0,0,0,0,0,0,0,0,0,0,0,0,-,0,2,0,43.3%,1976
447,Florent Serra,2,2,0,0,0,0,2,0,0,0,0,0,0,0,0,0,0,0,0,0,0,0,0,0,0,0,0,-,0,2,0,42.0%,1942
447,Francesco Cancellotti,2,2,0,0,0,0,2,0,0,0,0,0,0,0,0,0,0,0,0,0,0,0,0,0,0,0,0,-,0,2,0,49.1%,1976
447,Haroon Rahim,2,2,0,0,0,0,2,0,0,0,0,0,0,0,0,0,0,0,0,0,0,0,0,0,0,0,0,-,0,2,0,45.5%,1974
447,Jaime Oncins,2,2,0,0,0,0,2,0,0,0,0,0,0,0,0,0,0,0,0,0,0,0,0,0,0,0,0,-,0,2,0,44.4%,1967
447,Jan Kroslak,2,2,0,0,0,0,2,0,0,0,0,0,0,0,0,0,0,0,0,0,0,0,0,0,0,0,0,-,0,2,0,44.2%,1934
447,Jeff Tarango,2,2,0,0,0,0,2,0,0,0,0,0,0,0,0,0,0,0,0,0,0,0,0,0,0,0,0,-,0,2,0,44.8%,1954
447,Jonathan Stark,2,2,0,0,0,0,2,0,0,0,0,0,0,0,0,0,0,0,0,0,0,0,0,0,0,0,0,-,0,2,0,47.4%,1974
447,Julian Alonso,2,2,0,0,0,0,2,0,0,0,0,0,0,0,0,0,0,0,0,0,0,0,0,0,0,0,0,-,0,2,0,44.8%,1903
447,Kelly Jones,2,2,0,0,0,0,2,0,0,0,0,0,0,0,0,0,0,0,0,0,0,0,0,0,0,0,0,-,0,2,0,36.4%,1836
447,Luis Horna,2,2,0,0,0,0,2,0,0,0,0,0,0,0,0,0,0,0,0,0,0,0,0,0,0,0,0,-,0,2,0,49.1%,1958
447,Lukas Rosol,2,2,0,0,0,0,2,0,0,0,0,0,0,0,0,0,0,0,0,0,0,0,0,0,0,0,0,-,0,2,0,43.5%,1982
447,Marian Vajda,2,2,0,0,0,0,2,0,0,0,0,0,0,0,0,0,0,0,0,0,0,0,0,0,0,0,0,-,0,2,0,43.9%,1944
447,Martin Sinner,2,2,0,0,0,0,2,0,0,0,0,0,0,0,0,0,0,0,0,0,0,0,0,0,0,0,0,-,0,2,0,39.1%,1863
447,Mike Estep,2,2,0,0,0,0,2,0,0,0,0,0,0,0,0,0,0,0,0,0,0,0,0,0,0,0,0,-,0,2,0,38.6%,1887
447,Milan Holecek,2,2,0,0,0,0,2,0,0,0,0,0,0,0,0,0,0,0,0,0,0,0,0,0,0,0,0,-,0,2,0,42.1%,1858
447,Nicolas Pereira,2,2,0,0,0,0,2,0,0,0,0,0,0,0,0,0,0,0,0,0,0,0,0,0,0,0,0,-,0,2,0,39.3%,1868
447,Olivier Rochus,2,2,0,0,0,0,2,0,0,0,0,0,0,0,0,0,0,0,0,0,0,0,0,0,0,0,0,-,0,2,0,46.3%,2035
447,Patrick Baur,2,2,0,0,0,0,2,0,0,0,0,0,0,0,0,0,0,0,0,0,0,0,0,0,0,0,0,-,0,2,0,38.5%,1892
447,Rajeev Ram,2,2,0,0,0,0,2,0,0,0,0,0,0,0,0,0,0,0,0,0,0,0,0,0,0,0,0,-,0,2,0,38.0%,1849
447,Roberto Carballes Baena,2,2,0,0,0,0,2,0,0,0,0,0,0,0,0,0,0,0,0,0,0,0,0,0,0,0,0,-,0,2,0,44.7%,1885
447,Sherwood Stewart,2,2,0,0,0,0,2,0,0,0,0,0,0,0,0,0,0,0,0,0,0,0,0,0,0,0,0,-,0,2,0,41.8%,1907
447,Simon Youl,2,2,0,0,0,0,2,0,0,0,0,0,0,0,0,0,0,0,0,0,0,0,0,0,0,0,0,-,0,2,0,40.1%,1891
447,Soon Woo Kwon,2,2,0,0,0,0,2,0,0,0,0,0,0,0,0,0,0,0,0,0,0,0,0,0,0,0,0,-,0,2,0,45.5%,1929
447,Stefano Pescosolido,2,2,0,0,0,0,2,0,0,0,0,0,0,0,0,0,0,0,0,0,0,0,0,0,0,0,0,-,0,2,0,40.7%,1940
447,Terry Moor,2,2,0,0,0,0,2,0,0,0,0,0,0,0,0,0,0,0,0,0,0,0,0,0,0,0,0,-,0,2,0,51.2%,2035
447,Tomas Carbonell,2,2,0,0,0,0,2,0,0,0,0,0,0,0,0,0,0,0,0,0,0,0,0,0,0,0,0,-,0,2,0,46.5%,1947
447,Tom Edlefsen,2,2,0,0,0,0,2,0,0,0,0,0,0,0,0,0,0,0,0,0,0,0,0,0,0,0,0,-,0,2,0,41.1%,1889
447,Yahiya Doumbia,2,2,0,0,0,0,2,0,0,0,0,0,0,0,0,0,0,0,0,0,0,0,0,0,0,0,0,-,0,2,0,53.1%,1864
486,Adrian Voinea,2,2,1,0,0,0,1,0,0,0,0,0,0,0,0,0,0,0,0,0,0,0,0,0,0,0,0,-,0,1,0,43.6%,1935
486,Alex Obrien,2,2,0,0,0,0,2,0,0,0,0,0,0,0,0,0,0,0,0,0,0,0,0,0,0,0,0,-,0,1,0,40.6%,1963
486,Andreas Maurer,2,2,0,0,0,0,2,0,0,0,0,0,0,0,0,0,0,0,0,0,0,0,0,0,0,0,0,-,0,1,0,44.7%,1960
486,Andrey Golubev,2,2,0,0,0,0,2,0,0,0,0,0,0,0,0,0,0,0,0,0,0,0,0,0,0,0,0,-,0,1,0,36.4%,1930
486,Arnaud Di Pasquale,2,2,0,0,0,1,1,0,0,0,0,0,0,0,0,0,0,0,0,0,0,0,0,0,0,0,0,-,0,1,0,41.3%,1932
486,Billy Martin,2,2,1,0,0,0,1,0,0,0,0,0,0,0,0,0,0,0,0,0,0,0,0,0,0,0,0,-,0,1,0,45.3%,1957
486,Christopher Eubanks,2,2,1,0,0,0,1,0,0,0,0,0,0,0,0,0,0,0,0,0,0,0,0,0,0,0,0,-,0,1,0,39.8%,1932
486,Diego Perez,2,2,0,0,1,0,1,0,0,0,0,0,0,0,0,0,0,0,0,0,0,0,0,0,0,0,0,-,0,1,0,48.8%,1963
486,Horacio Zeballos,2,2,0,0,0,0,1,1,0,0,0,0,0,0,0,0,0,0,0,0,0,0,0,0,0,0,0,-,0,1,0,40.6%,1927
486,Istvan Gulyas,2,2,1,0,0,0,1,0,0,0,0,0,0,0,0,0,0,0,0,0,0,0,0,0,0,0,0,-,0,1,0,50.8%,1983
486,Jonathan Canter,2,2,0,0,1,0,1,0,0,0,0,0,0,0,0,0,0,0,0,0,0,0,0,0,0,0,0,-,0,1,0,41.5%,1935
486,Larry Stefanki,2,2,0,0,0,0,2,0,0,0,0,0,0,0,0,0,0,0,0,0,0,0,0,0,0,0,0,-,0,1,0,37.4%,1895
486,Leander Paes,2,2,0,0,0,1,1,0,0,0,0,0,0,0,0,0,0,0,0,0,0,0,0,0,0,0,0,-,0,1,0,51.0%,1927
486,Milan Srejber,2,2,1,0,0,0,1,0,0,0,0,0,0,0,0,0,0,0,0,0,0,0,0,0,0,0,0,-,0,1,0,49.8%,1969
486,Mischa Zverev,2,2,1,0,0,0,1,0,0,0,0,0,0,0,0,0,0,0,0,0,0,0,0,0,0,0,0,-,0,1,0,40.1%,1968
486,Ove Nils Bengtson,2,2,0,0,1,0,1,0,0,0,0,0,0,0,0,0,0,0,0,0,0,0,0,0,0,0,0,-,0,1,0,42.3%,1885
486,Pablo Arraya,2,2,0,0,1,0,1,0,0,0,0,0,0,0,0,0,0,0,0,0,0,0,0,0,0,0,0,-,0,1,0,49.9%,1961
486,Philipp Petzschner,2,2,0,0,0,0,2,0,0,0,0,0,0,0,0,0,0,0,0,0,0,0,0,0,0,0,0,-,0,1,0,45.1%,1976
486,Scott Draper,2,2,0,0,0,0,2,0,0,0,0,0,0,0,0,0,0,0,0,0,0,0,0,0,0,0,0,-,0,1,0,45.3%,1996
486,Sergio Casal,2,2,0,0,0,0,2,0,0,0,0,0,0,0,0,0,0,0,0,0,0,0,0,0,0,0,0,-,0,1,0,45.8%,1971
486,Shuzo Matsuoka,2,2,1,0,0,0,1,0,0,0,0,0,0,0,0,0,0,0,0,0,0,0,0,0,0,0,0,-,0,1,0,47.4%,1966
486,Thomas Hogstedt,2,2,0,0,1,0,1,0,0,0,0,0,0,0,0,0,0,0,0,0,0,0,0,0,0,0,0,-,0,1,0,36.9%,1897
486,Ulf Stenlund,2,2,0,0,1,0,1,0,0,0,0,0,0,0,0,0,0,0,0,0,0,0,0,0,0,0,0,-,0,1,0,54.2%,2003
486,Victor Hanescu,2,2,1,0,0,0,1,0,0,0,0,0,0,0,0,0,0,0,0,0,0,0,0,0,0,0,0,-,0,1,0,45.2%,1958
486,Vincent Van Patten,2,2,0,0,0,0,2,0,0,0,0,0,0,0,0,0,0,0,0,0,0,0,0,0,0,0,0,-,0,1,0,48.2%,1984
486,Wesley Moodie,2,2,0,0,0,0,2,0,0,0,0,0,0,0,0,0,0,0,0,0,0,0,0,0,0,0,0,-,0,1,0,45.3%,1920
486,Wilhelm Bungert,2,2,0,0,1,0,1,0,0,0,0,0,0,0,0,0,0,0,0,0,0,0,0,0,0,0,0,-,0,1,0,66.3%,2052
513,Alexander Popp,2,2,2,0,0,0,0,0,0,0,0,0,0,0,0,0,0,0,0,0,0,0,0,0,0,0,0,-,0,0,0,40.9%,1883
513,Allan Stone,2,2,2,0,0,0,0,0,0,0,0,0,0,0,0,0,0,0,0,0,0,0,0,0,0,0,0,-,0,0,0,48.7%,1992
513,Bart Wuyts,2,0,0,0,0,0,0,0,0,0,0,0,0,0,2,0,0,0,0,0,0,0,2,0,0,0,0,-,0,0,0,41.0%,1870
513,Christophe Rochus,2,2,0,0,1,0,1,0,0,0,0,0,0,0,0,0,0,0,0,0,0,0,0,0,0,0,0,-,0,0,0,35.0%,1861
513,Christophe Roger Vasselin,2,2,2,0,0,0,0,0,0,0,0,0,0,0,0,0,0,0,0,0,0,0,0,0,0,0,0,-,0,0,0,41.2%,1899
513,Cristiano Caratti,2,2,1,0,0,0,1,0,0,0,0,0,0,0,0,0,0,0,0,0,0,0,0,0,0,0,0,-,0,0,0,38.1%,1957
513,Francisco Gonzalez,2,2,0,0,2,0,0,0,0,0,0,0,0,0,0,0,0,0,0,0,0,0,0,0,0,0,0,-,0,0,0,39.2%,1912
513,Francisco Maciel,2,2,0,0,0,2,0,0,0,0,0,0,0,0,0,0,0,0,0,0,0,0,0,0,0,0,0,-,0,0,0,46.7%,1898
513,Harel Levy,2,2,0,0,2,0,0,0,0,0,0,0,0,0,0,0,0,0,0,0,0,0,0,0,0,0,0,-,0,0,0,38.9%,1913
513,Harry Thursfield,2,2,0,0,1,0,0,1,0,0,0,0,0,0,0,0,0,0,0,0,0,0,0,0,0,0,0,-,0,0,0,54.7%,1938
513,Henrik Holm,2,2,0,0,0,0,2,0,0,0,0,0,0,0,0,0,0,0,0,0,0,0,0,0,0,0,0,-,0,0,0,46.6%,1993
513,Hyeon Chung,2,2,2,0,0,0,0,0,0,0,0,0,0,0,0,0,0,0,0,0,0,0,0,0,0,0,0,-,0,0,0,53.4%,2049
513,Jim Osborne,2,2,1,0,1,0,0,0,0,0,0,0,0,0,0,0,0,0,0,0,0,0,0,0,0,0,0,-,0,0,0,46.4%,1953
513,Leif Shiras,2,2,0,0,2,0,0,0,0,0,0,0,0,0,0,0,0,0,0,0,0,0,0,0,0,0,0,-,0,0,0,40.8%,1876
513,Lloyd George Muirhead Harris,2,2,1,0,0,0,1,0,0,0,0,0,0,0,0,0,0,0,0,0,0,0,0,0,0,0,0,-,0,0,0,48.1%,1988
513,Patrik Kuhnen,2,2,1,0,0,0,0,1,0,0,0,0,0,0,0,0,0,0,0,0,0,0,0,0,0,0,0,-,0,0,0,45.4%,1949
513,Peter Rennert,2,2,2,0,0,0,0,0,0,0,0,0,0,0,0,0,0,0,0,0,0,0,0,0,0,0,0,-,0,0,0,45.0%,1900
513,Rodney Harmon,2,2,1,0,1,0,0,0,0,0,0,0,0,0,0,0,0,0,0,0,0,0,0,0,0,0,0,-,0,0,0,44.7%,1908
513,Thierry Champion,2,2,2,0,0,0,0,0,0,0,0,0,0,0,0,0,0,0,0,0,0,0,0,0,0,0,0,-,0,0,0,38.3%,1928
513,Vladimir Voltchkov,2,2,2,0,0,0,0,0,0,0,0,0,0,0,0,0,0,0,0,0,0,0,0,0,0,0,0,-,0,0,0,44.2%,1942
533,Alejandro Olmedo,1,1,0,0,0,0,1,0,0,0,0,0,0,0,0,0,0,0,0,0,0,0,0,0,0,0,0,-,0,1,0,45.1%,1975
533,Alex Antonitsch,1,1,0,0,0,0,1,0,0,0,0,0,0,0,0,0,0,0,0,0,0,0,0,0,0,0,0,-,0,1,0,42.4%,1976
533,Alex Calatrava,1,1,0,0,0,0,1,0,0,0,0,0,0,0,0,0,0,0,0,0,0,0,0,0,0,0,0,-,0,1,0,38.1%,1894
533,Antony Dupuis,1,1,0,0,0,0,1,0,0,0,0,0,0,0,0,0,0,0,0,0,0,0,0,0,0,0,0,-,0,1,0,39.9%,1878
533,Benjamin Becker,1,1,0,0,0,0,1,0,0,0,0,0,0,0,0,0,0,0,0,0,0,0,0,0,0,0,0,-,0,1,0,41.0%,1917
533,Benjamin Bonzi,1,1,0,0,0,0,1,0,0,0,0,0,0,0,0,0,0,0,0,0,0,0,0,0,0,0,0,-,0,1,0,43.3%,1881
533,Bernard Mignot,1,1,0,0,0,0,1,0,0,0,0,0,0,0,0,0,0,0,0,0,0,0,0,0,0,0,0,-,0,1,0,45.5%,1895
533,Birger Andersson,1,1,0,0,0,0,1,0,0,0,0,0,0,0,0,0,0,0,0,0,0,0,0,0,0,0,0,-,0,1,0,34.9%,1825
533,Brandon Nakashima,1,1,0,0,0,0,1,0,0,0,0,0,0,0,0,0,0,0,0,0,0,0,0,0,0,0,0,-,0,1,0,53.0%,1978
533,Carsten Arriens,1,1,0,0,0,0,1,0,0,0,0,0,0,0,0,0,0,0,0,0,0,0,0,0,0,0,0,-,0,1,0,43.8%,1852
533,Christian Miniussi,1,1,0,0,0,0,1,0,0,0,0,0,0,0,0,0,0,0,0,0,0,0,0,0,0,0,0,-,0,1,0,41.4%,1883
533,Chuck Adams,1,1,0,0,0,0,1,0,0,0,0,0,0,0,0,0,0,0,0,0,0,0,0,0,0,0,0,-,0,1,0,47.2%,1950
533,Claudio Mezzadri,1,1,0,0,0,0,1,0,0,0,0,0,0,0,0,0,0,0,0,0,0,0,0,0,0,0,0,-,0,1,0,46.1%,1963
533,Claudio Panatta,1,1,0,0,0,0,1,0,0,0,0,0,0,0,0,0,0,0,0,0,0,0,0,0,0,0,0,-,0,1,0,42.5%,1898
533,Claudio Pistolesi,1,1,0,0,0,0,1,0,0,0,0,0,0,0,0,0,0,0,0,0,0,0,0,0,0,0,0,-,0,1,0,41.0%,1863
533,Colin Dowdeswell,1,1,0,0,0,0,1,0,0,0,0,0,0,0,0,0,0,0,0,0,0,0,0,0,0,0,0,-,0,1,0,40.1%,1882
533,Dan Cassidy,1,1,0,0,0,0,1,0,0,0,0,0,0,0,0,0,0,0,0,0,0,0,0,0,0,0,0,-,0,1,0,31.8%,1837
533,Daniele Bracciali,1,1,0,0,0,0,1,0,0,0,0,0,0,0,0,0,0,0,0,0,0,0,0,0,0,0,0,-,0,1,0,38.9%,1864
533,Danny Saltz,1,1,0,0,0,0,1,0,0,0,0,0,0,0,0,0,0,0,0,0,0,0,0,0,0,0,0,-,0,1,0,45.9%,1821
533,Dimitri Poliakov,1,1,0,0,0,0,1,0,0,0,0,0,0,0,0,0,0,0,0,0,0,0,0,0,0,0,0,-,0,1,0,42.7%,1840
533,Dominique Bedel,1,1,0,0,0,0,1,0,0,0,0,0,0,0,0,0,0,0,0,0,0,0,0,0,0,0,0,-,0,1,0,40.1%,1846
533,Eddie Edwards,1,1,0,0,0,0,1,0,0,0,0,0,0,0,0,0,0,0,0,0,0,0,0,0,0,0,0,-,0,1,0,39.4%,1896
533,Eric Jelen,1,1,0,0,0,0,1,0,0,0,0,0,0,0,0,0,0,0,0,0,0,0,0,0,0,0,0,-,0,1,0,49.8%,1971
533,Erick Iskersky,1,1,0,0,0,0,1,0,0,0,0,0,0,0,0,0,0,0,0,0,0,0,0,0,0,0,0,-,0,1,0,34.7%,1840
533,Facundo Diaz Acosta,1,1,0,0,0,0,1,0,0,0,0,0,0,0,0,0,0,0,0,0,0,0,0,0,0,0,0,-,0,1,0,43.9%,1826
533,Frederic Fontang,1,1,0,0,0,0,1,0,0,0,0,0,0,0,0,0,0,0,0,0,0,0,0,0,0,0,0,-,0,1,0,31.8%,1844
533,Fritz Buehning,1,1,0,0,0,0,1,0,0,0,0,0,0,0,0,0,0,0,0,0,0,0,0,0,0,0,0,-,0,1,0,48.7%,2003
533,Gabriel Markus,1,1,0,0,0,0,1,0,0,0,0,0,0,0,0,0,0,0,0,0,0,0,0,0,0,0,0,-,0,1,0,45.0%,1908
533,Gianluca Pozzi,1,1,0,0,0,0,1,0,0,0,0,0,0,0,0,0,0,0,0,0,0,0,0,0,0,0,0,-,0,1,0,40.4%,1948
533,Gianni Ocleppo,1,1,0,0,0,0,1,0,0,0,0,0,0,0,0,0,0,0,0,0,0,0,0,0,0,0,0,-,0,1,0,44.8%,1958
533,Guillaume Raoux,1,1,0,0,0,0,1,0,0,0,0,0,0,0,0,0,0,0,0,0,0,0,0,0,0,0,0,-,0,1,0,44.3%,1975
533,Hans Kary,1,1,0,0,0,0,1,0,0,0,0,0,0,0,0,0,0,0,0,0,0,0,0,0,0,0,0,-,0,1,0,42.0%,1917
533,Hernan Gumy,1,1,0,0,0,0,1,0,0,0,0,0,0,0,0,0,0,0,0,0,0,0,0,0,0,0,0,-,0,1,0,47.3%,1939
533,Howard Schoenfield,1,1,0,0,0,0,1,0,0,0,0,0,0,0,0,0,0,0,0,0,0,0,0,0,0,0,0,-,0,1,0,20.8%,1803
533,Hyung Taik Lee,1,1,0,0,0,0,1,0,0,0,0,0,0,0,0,0,0,0,0,0,0,0,0,0,0,0,0,-,0,1,0,49.5%,1964
533,Igor Kunitsyn,1,1,0,0,0,0,1,0,0,0,0,0,0,0,0,0,0,0,0,0,0,0,0,0,0,0,0,-,0,1,0,36.8%,1868
533,Ilya Ivashka,1,1,0,0,0,0,1,0,0,0,0,0,0,0,0,0,0,0,0,0,0,0,0,0,0,0,0,-,0,1,0,50.0%,1987
533,Ivan Dodig,1,1,0,0,0,0,1,0,0,0,0,0,0,0,0,0,0,0,0,0,0,0,0,0,0,0,0,-,0,1,0,45.7%,2021
533,Jan Leschly,1,1,0,0,0,0,1,0,0,0,0,0,0,0,0,0,0,0,0,0,0,0,0,0,0,0,0,-,0,1,0,60.5%,2033
533,Jan Norback,1,1,0,0,0,0,1,0,0,0,0,0,0,0,0,0,0,0,0,0,0,0,0,0,0,0,0,-,0,1,0,32.5%,1840
533,Jan Vacek,1,1,0,0,0,0,1,0,0,0,0,0,0,0,0,0,0,0,0,0,0,0,0,0,0,0,0,-,0,1,0,33.3%,1845
533,Jared Palmer,1,1,0,0,0,0,1,0,0,0,0,0,0,0,0,0,0,0,0,0,0,0,0,0,0,0,0,-,0,1,0,46.3%,1968
533,Jay Lapidus,1,1,0,0,0,0,1,0,0,0,0,0,0,0,0,0,0,0,0,0,0,0,0,0,0,0,0,-,0,1,0,41.4%,1916
533,Jeff Austin,1,1,0,0,0,0,1,0,0,0,0,0,0,0,0,0,0,0,0,0,0,0,0,0,0,0,0,-,0,1,0,39.1%,1827
533,Jeremy Bates,1,1,0,0,0,0,1,0,0,0,0,0,0,0,0,0,0,0,0,0,0,0,0,0,0,0,0,-,0,1,0,40.4%,1887
533,Jerome Haehnel,1,1,0,0,0,0,1,0,0,0,0,0,0,0,0,0,0,0,0,0,0,0,0,0,0,0,0,-,0,1,0,30.8%,1846
533,Jim Pugh,1,1,0,0,0,0,1,0,0,0,0,0,0,0,0,0,0,0,0,0,0,0,0,0,0,0,0,-,0,1,0,47.2%,1973
533,Jordan Thompson,1,1,0,0,0,0,1,0,0,0,0,0,0,0,0,0,0,0,0,0,0,0,0,0,0,0,0,-,0,1,0,46.8%,1976
533,Jordi Burillo,1,1,0,0,0,0,1,0,0,0,0,0,0,0,0,0,0,0,0,0,0,0,0,0,0,0,0,-,0,1,0,41.6%,1913
533,Jose Francisco Altur,1,1,0,0,0,0,1,0,0,0,0,0,0,0,0,0,0,0,0,0,0,0,0,0,0,0,0,-,0,1,0,32.0%,1828
533,Juan Antonio Marin,1,1,0,0,0,0,1,0,0,0,0,0,0,0,0,0,0,0,0,0,0,0,0,0,0,0,0,-,0,1,0,39.4%,1853
533,Juan Balcells,1,1,0,0,0,0,1,0,0,0,0,0,0,0,0,0,0,0,0,0,0,0,0,0,0,0,0,-,0,1,0,45.6%,1915
533,Juan Ignacio Londero,1,1,0,0,0,0,1,0,0,0,0,0,0,0,0,0,0,0,0,0,0,0,0,0,0,0,0,-,0,1,0,41.2%,1901
533,Juan Manuel Cerundolo,1,1,0,0,0,0,1,0,0,0,0,0,0,0,0,0,0,0,0,0,0,0,0,0,0,0,0,-,0,1,0,44.7%,1807
533,Julien Boutter,1,1,0,0,0,0,1,0,0,0,0,0,0,0,0,0,0,0,0,0,0,0,0,0,0,0,0,-,0,1,0,42.5%,1982
533,Juncheng Shang,1,1,0,0,0,0,1,0,0,0,0,0,0,0,0,0,0,0,0,0,0,0,0,0,0,0,0,-,0,1,0,50.0%,1951
533,Kjell Johansson,1,1,0,0,0,0,1,0,0,0,0,0,0,0,0,0,0,0,0,0,0,0,0,0,0,0,0,-,0,1,0,46.4%,1961
533,Lars Burgsmuller,1,1,0,0,0,0,1,0,0,0,0,0,0,0,0,0,0,0,0,0,0,0,0,0,0,0,0,-,0,1,0,37.2%,1903
533,Lars Elvstrom,1,1,0,0,0,0,1,0,0,0,0,0,0,0,0,0,0,0,0,0,0,0,0,0,0,0,0,-,0,1,0,41.7%,1752
533,Leonardo Lavalle,1,1,0,0,0,0,1,0,0,0,0,0,0,0,0,0,0,0,0,0,0,0,0,0,0,0,0,-,0,1,0,42.2%,1933
533,Libor Pimek,1,1,0,0,0,0,1,0,0,0,0,0,0,0,0,0,0,0,0,0,0,0,0,0,0,0,0,-,0,1,0,51.0%,2000
533,Luciano Darderi,1,1,0,0,0,0,1,0,0,0,0,0,0,0,0,0,0,0,0,0,0,0,0,0,0,0,0,0,0,1,0,47.2%,1889
533,Marc Andrea Huesler,1,1,0,0,0,0,1,0,0,0,0,0,0,0,0,0,0,0,0,0,0,0,0,0,0,0,0,-,0,1,0,38.3%,1864
533,Marcos Giron,1,1,0,0,0,0,1,0,0,0,0,0,0,0,0,0,0,0,0,0,0,0,0,0,0,0,0,-,0,1,0,46.6%,1934
533,Mark Koevermans,1,1,0,0,0,0,1,0,0,0,0,0,0,0,0,0,0,0,0,0,0,0,0,0,0,0,0,-,0,1,0,46.2%,1938
533,Marko Ostoja,1,1,0,0,0,0,1,0,0,0,0,0,0,0,0,0,0,0,0,0,0,0,0,0,0,0,0,-,0,1,0,38.3%,1862
533,Markus Zoecke,1,1,0,0,0,0,1,0,0,0,0,0,0,0,0,0,0,0,0,0,0,0,0,0,0,0,0,-,0,1,0,39.4%,1907
533,Mark Vines,1,1,0,0,0,0,1,0,0,0,0,0,0,0,0,0,0,0,0,0,0,0,0,0,0,0,0,-,0,1,0,25.0%,1832
533,Massimiliano Narducci,1,1,0,0,0,0,1,0,0,0,0,0,0,0,0,0,0,0,0,0,0,0,0,0,0,0,0,-,0,1,0,40.0%,1821
533,Matt Anger,1,1,0,0,0,0,1,0,0,0,0,0,0,0,0,0,0,0,0,0,0,0,0,0,0,0,0,-,0,1,0,43.6%,1946
533,Matt Doyle,1,1,0,0,0,0,1,0,0,0,0,0,0,0,0,0,0,0,0,0,0,0,0,0,0,0,0,-,0,1,0,45.3%,1932
533,Matt Mitchell,1,1,0,0,0,0,1,0,0,0,0,0,0,0,0,0,0,0,0,0,0,0,0,0,0,0,0,-,0,1,0,38.1%,1890
533,Mauricio Hadad,1,1,0,0,0,0,1,0,0,0,0,0,0,0,0,0,0,0,0,0,0,0,0,0,0,0,0,-,0,1,0,55.0%,1922
533,Maxime Cressy,1,1,0,0,0,0,1,0,0,0,0,0,0,0,0,0,0,0,0,0,0,0,0,0,0,0,0,-,0,1,0,42.6%,1929
533,Michal Tabara,1,1,0,0,0,0,1,0,0,0,0,0,0,0,0,0,0,0,0,0,0,0,0,0,0,0,0,-,0,1,0,42.1%,1868
533,Mikhail Kukushkin,1,1,0,0,0,0,1,0,0,0,0,0,0,0,0,0,0,0,0,0,0,0,0,0,0,0,0,-,0,1,0,42.6%,1943
533,Miomir Kecmanovic,1,1,0,0,0,0,1,0,0,0,0,0,0,0,0,0,0,0,0,0,0,0,0,0,0,0,0,-,0,1,0,49.5%,1977
533,Mirza Basic,1,1,0,0,0,0,1,0,0,0,0,0,0,0,0,0,0,0,0,0,0,0,0,0,0,0,0,-,0,1,0,45.2%,1905
533,Nduka Odizor,1,1,0,0,0,0,1,0,0,0,0,0,0,0,0,0,0,0,0,0,0,0,0,0,0,0,0,-,0,1,0,42.9%,1896
533,Neville Godwin,1,1,0,0,0,0,1,0,0,0,0,0,0,0,0,0,0,0,0,0,0,0,0,0,0,0,0,-,0,1,0,39.1%,1841
533,Nicklas Kroon,1,1,0,0,0,0,1,0,0,0,0,0,0,0,0,0,0,0,0,0,0,0,0,0,0,0,0,-,0,1,0,42.5%,1928
533,Nick Saviano,1,1,0,0,0,0,1,0,0,0,0,0,0,0,0,0,0,0,0,0,0,0,0,0,0,0,0,-,0,1,0,44.8%,1937
533,Nicola Pietrangeli,1,1,0,0,0,0,1,0,0,0,0,0,0,0,0,0,0,0,0,0,0,0,0,0,0,0,0,-,0,1,0,58.6%,1976
533,Nuno Borges,1,1,0,0,0,0,1,0,0,0,0,0,0,0,0,0,0,0,0,0,0,0,0,0,0,0,0,-,0,1,0,43.2%,1908
533,Paolo Lorenzi,1,1,0,0,0,0,1,0,0,0,0,0,0,0,0,0,0,0,0,0,0,0,0,0,0,0,0,-,0,1,0,37.3%,1896
533,Pedro Cachin,1,1,0,0,0,0,1,0,0,0,0,0,0,0,0,0,0,0,0,0,0,0,0,0,0,0,0,-,0,1,0,34.7%,1869
533,Pedro Martinez Portero,1,1,0,0,0,0,1,0,0,0,0,0,0,0,0,0,0,0,0,0,0,0,0,0,0,0,0,-,0,1,0,42.8%,1926
533,Per Hjertquist,1,1,0,0,0,0,1,0,0,0,0,0,0,0,0,0,0,0,0,0,0,0,0,0,0,0,0,-,0,1,0,45.1%,1920
533,Peter Doohan,1,1,0,0,0,0,1,0,0,0,0,0,0,0,0,0,0,0,0,0,0,0,0,0,0,0,0,-,0,1,0,37.9%,1892
533,Peter Gojowczyk,1,1,0,0,0,0,1,0,0,0,0,0,0,0,0,0,0,0,0,0,0,0,0,0,0,0,0,-,0,1,0,43.1%,1935
533,Peter Wessels,1,1,0,0,0,0,1,0,0,0,0,0,0,0,0,0,0,0,0,0,0,0,0,0,0,0,0,-,0,1,0,42.9%,1897
533,Pieter Aldrich,1,1,0,0,0,0,1,0,0,0,0,0,0,0,0,0,0,0,0,0,0,0,0,0,0,0,0,-,0,1,0,47.4%,1859
533,Radu Albot,1,1,0,0,0,0,1,0,0,0,0,0,0,0,0,0,0,0,0,0,0,0,0,0,0,0,0,-,0,1,0,42.1%,1936
533,Ramanathan Krishnan,1,1,0,0,0,0,1,0,0,0,0,0,0,0,0,0,0,0,0,0,0,0,0,0,0,0,0,-,0,1,0,62.9%,1840
533,Ricardo Mello,1,1,0,0,0,0,1,0,0,0,0,0,0,0,0,0,0,0,0,0,0,0,0,0,0,0,0,-,0,1,0,39.0%,1902
533,Richard Meyer,1,1,0,0,0,0,1,0,0,0,0,0,0,0,0,0,0,0,0,0,0,0,0,0,0,0,0,-,0,1,0,35.3%,1852
533,Ricki Osterthun,1,1,0,0,0,0,1,0,0,0,0,0,0,0,0,0,0,0,0,0,0,0,0,0,0,0,0,-,0,1,0,43.2%,1883
533,Robbie Weiss,1,1,0,0,0,0,1,0,0,0,0,0,0,0,0,0,0,0,0,0,0,0,0,0,0,0,0,-,0,1,0,38.1%,1862
533,Roberto Arguello,1,1,0,0,0,0,1,0,0,0,0,0,0,0,0,0,0,0,0,0,0,0,0,0,0,0,0,-,0,1,0,42.1%,1870
533,Rolf Gehring,1,1,0,0,0,0,1,0,0,0,0,0,0,0,0,0,0,0,0,0,0,0,0,0,0,0,0,-,0,1,0,45.5%,1964
533,Ron Holmberg,1,1,0,0,0,0,1,0,0,0,0,0,0,0,0,0,0,0,0,0,0,0,0,0,0,0,0,-,0,1,0,39.5%,1980
533,Ryan Harrison,1,1,0,0,0,0,1,0,0,0,0,0,0,0,0,0,0,0,0,0,0,0,0,0,0,0,0,-,0,1,0,42.6%,1953
533,Ryan Sweeting,1,1,0,0,0,0,1,0,0,0,0,0,0,0,0,0,0,0,0,0,0,0,0,0,0,0,0,-,0,1,0,38.0%,1887
533,Santiago Ventura,1,1,0,0,0,0,1,0,0,0,0,0,0,0,0,0,0,0,0,0,0,0,0,0,0,0,0,-,0,1,0,39.2%,1870
533,Sargis Sargsian,1,1,0,0,0,0,1,0,0,0,0,0,0,0,0,0,0,0,0,0,0,0,0,0,0,0,0,-,0,1,0,42.6%,1959
533,Simone Colombo,1,1,0,0,0,0,1,0,0,0,0,0,0,0,0,0,0,0,0,0,0,0,0,0,0,0,0,-,0,1,0,39.3%,1839
533,Taro Daniel,1,1,0,0,0,0,1,0,0,0,0,0,0,0,0,0,0,0,0,0,0,0,0,0,0,0,0,-,0,1,0,37.0%,1882
533,Thanasi Kokkinakis,1,1,0,0,0,0,1,0,0,0,0,0,0,0,0,0,0,0,0,0,0,0,0,0,0,0,0,-,0,1,0,44.4%,1937
533,Thiago Seyboth Wild,1,1,0,0,0,0,1,0,0,0,0,0,0,0,0,0,0,0,0,0,0,0,0,0,0,0,0,-,0,1,0,42.3%,1849
533,Tim Van Rijthoven,1,1,0,0,0,0,1,0,0,0,0,0,0,0,0,0,0,0,0,0,0,0,0,0,0,0,0,-,0,1,0,50.0%,1870
533,Wayne Arthurs,1,1,0,0,0,0,1,0,0,0,0,0,0,0,0,0,0,0,0,0,0,0,0,0,0,0,0,-,0,1,0,45.5%,1948
533,Werner Zirngibl,1,1,0,0,0,0,1,0,0,0,0,0,0,0,0,0,0,0,0,0,0,0,0,0,0,0,0,-,0,1,0,37.5%,1816
533,William Harris,1,1,0,0,0,0,1,0,0,0,0,0,0,0,0,0,0,0,0,0,0,0,0,0,0,0,0,-,0,1,0,46.7%,1659
533,Yuichi Sugita,1,1,0,0,0,0,1,0,0,0,0,0,0,0,0,0,0,0,0,0,0,0,0,0,0,0,0,-,0,1,0,37.9%,1933
647,Alex Radulescu,1,1,1,0,0,0,0,0,0,0,0,0,0,0,0,0,0,0,0,0,0,0,0,0,0,0,0,-,0,0,0,41.7%,1905
647,Andre Sa,1,1,1,0,0,0,0,0,0,0,0,0,0,0,0,0,0,0,0,0,0,0,0,0,0,0,0,-,0,0,0,36.1%,1877
647,Belus Prajoux,1,1,0,0,0,0,0,1,0,0,0,0,0,0,0,0,0,0,0,0,0,0,0,0,0,0,0,-,0,0,0,40.0%,1893
647,Boro Jovanovic,1,1,1,0,0,0,0,0,0,0,0,0,0,0,0,0,0,0,0,0,0,0,0,0,0,0,0,-,0,0,0,41.0%,1881
647,Botic Van De Zandschulp,1,1,1,0,0,0,0,0,0,0,0,0,0,0,0,0,0,0,0,0,0,0,0,0,0,0,0,-,0,0,0,50.5%,1998
647,Brad Pearce,1,1,1,0,0,0,0,0,0,0,0,0,0,0,0,0,0,0,0,0,0,0,0,0,0,0,0,-,0,0,0,34.2%,1890
647,Brett Steven,1,1,1,0,0,0,0,0,0,0,0,0,0,0,0,0,0,0,0,0,0,0,0,0,0,0,0,-,0,0,0,51.3%,2011
647,Broderick Dyke,1,1,0,0,0,0,1,0,0,0,0,0,0,0,0,0,0,0,0,0,0,0,0,0,0,0,0,-,0,0,0,39.2%,1895
647,Bruce Manson,1,1,1,0,0,0,0,0,0,0,0,0,0,0,0,0,0,0,0,0,0,0,0,0,0,0,0,-,0,0,0,42.3%,1963
647,Byron Bertram,1,1,1,0,0,0,0,0,0,0,0,0,0,0,0,0,0,0,0,0,0,0,0,0,0,0,0,-,0,0,0,44.2%,1943
647,Chip Hooper,1,1,0,0,1,0,0,0,0,0,0,0,0,0,0,0,0,0,0,0,0,0,0,0,0,0,0,-,0,0,0,46.6%,1988
647,Christo Steyn,1,1,0,0,1,0,0,0,0,0,0,0,0,0,0,0,0,0,0,0,0,0,0,0,0,0,0,-,0,0,0,44.8%,1917
647,Diego Nargiso,1,1,0,0,0,0,0,1,0,0,0,0,0,0,0,0,0,0,0,0,0,0,0,0,0,0,0,-,0,0,0,39.4%,1890
647,Drew Gitlin,1,1,1,0,0,0,0,0,0,0,0,0,0,0,0,0,0,0,0,0,0,0,0,0,0,0,0,-,0,0,0,41.5%,1844
647,Emilio Benfele Alvarez,1,1,0,0,0,0,1,0,0,0,0,0,0,0,0,0,0,0,0,0,0,0,0,0,0,0,0,-,0,0,0,40.2%,1862
647,Eric Fromm,1,1,0,0,1,0,0,0,0,0,0,0,0,0,0,0,0,0,0,0,0,0,0,0,0,0,0,-,0,0,0,38.1%,1939
647,Flavio Cobolli,1,1,0,0,0,0,1,0,0,0,0,0,0,0,0,0,0,0,0,0,0,0,0,0,0,0,0,-,0,0,0,52.6%,1957
647,Francisco Roig,1,0,0,0,0,0,0,0,0,0,0,0,0,0,1,0,0,0,0,0,0,0,1,0,0,0,0,-,0,0,0,40.0%,1886
647,Gianluca Mager,1,1,0,0,0,0,1,0,0,0,0,0,0,0,0,0,0,0,0,0,0,0,0,0,0,0,0,-,0,0,0,40.7%,1817
647,Hendrik Dreekmann,1,1,1,0,0,0,0,0,0,0,0,0,0,0,0,0,0,0,0,0,0,0,0,0,0,0,0,-,0,0,0,45.1%,1961
647,Irakli Labadze,1,1,0,0,1,0,0,0,0,0,0,0,0,0,0,0,0,0,0,0,0,0,0,0,0,0,0,-,0,0,0,37.6%,1872
647,Ivan Molina,1,1,0,0,1,0,0,0,0,0,0,0,0,0,0,0,0,0,0,0,0,0,0,0,0,0,0,-,0,0,0,44.8%,1925
647,Jan Apell,1,1,0,0,0,0,1,0,0,0,0,0,0,0,0,0,0,0,0,0,0,0,0,0,0,0,0,-,0,0,0,39.3%,1949
647,John Andrews,1,1,1,0,0,0,0,0,0,0,0,0,0,0,0,0,0,0,0,0,0,0,0,0,0,0,0,-,0,0,0,39.2%,1878
647,Ken Flach,1,1,0,0,1,0,0,0,0,0,0,0,0,0,0,0,0,0,0,0,0,0,0,0,0,0,0,-,0,0,0,39.4%,1880
647,Lionel Roux,1,1,0,0,0,0,1,0,0,0,0,0,0,0,0,0,0,0,0,0,0,0,0,0,0,0,0,-,0,0,0,39.4%,1909
647,Lukasz Kubot,1,1,1,0,0,0,0,0,0,0,0,0,0,0,0,0,0,0,0,0,0,0,0,0,0,0,0,-,0,0,0,42.7%,1916
647,Mackenzie Mcdonald,1,1,0,0,0,0,1,0,0,0,0,0,0,0,0,0,0,0,0,0,0,0,0,0,0,0,0,-,0,0,0,45.7%,1945
647,Marcos Ondruska,1,1,0,0,1,0,0,0,0,0,0,0,0,0,0,0,0,0,0,0,0,0,0,0,0,0,0,-,0,0,0,44.5%,1947
647,Mariano Navone,1,1,0,0,0,0,1,0,0,0,0,0,0,0,0,0,0,0,0,0,0,0,0,0,0,0,0,-,0,0,0,42.9%,1895
647,Marius Copil,1,1,0,0,0,0,1,0,0,0,0,0,0,0,0,0,0,0,0,0,0,0,0,0,0,0,0,-,0,0,0,41.2%,1875
647,Michel Kratochvil,1,1,0,0,0,0,1,0,0,0,0,0,0,0,0,0,0,0,0,0,0,0,0,0,0,0,0,-,0,0,0,42.7%,1933
647,Olivier Delaitre,1,1,0,0,0,0,1,0,0,0,0,0,0,0,0,0,0,0,0,0,0,0,0,0,0,0,0,-,0,0,0,42.1%,1970
647,Owen Davidson,1,1,0,0,1,0,0,0,0,0,0,0,0,0,0,0,0,0,0,0,0,0,0,0,0,0,0,-,0,0,0,43.2%,2034
647,Pascal Portes,1,1,0,0,1,0,0,0,0,0,0,0,0,0,0,0,0,0,0,0,0,0,0,0,0,0,0,-,0,0,0,45.3%,1983
647,Patricio Cornejo,1,1,1,0,0,0,0,0,0,0,0,0,0,0,0,0,0,0,0,0,0,0,0,0,0,0,0,-,0,0,0,41.3%,1861
647,Paul Chamberlin,1,1,1,0,0,0,0,0,0,0,0,0,0,0,0,0,0,0,0,0,0,0,0,0,0,0,0,-,0,0,0,46.3%,1916
647,Paul Kronk,1,1,1,0,0,0,0,0,0,0,0,0,0,0,0,0,0,0,0,0,0,0,0,0,0,0,0,-,0,0,0,37.3%,1857
647,Potito Starace,1,1,0,0,0,0,1,0,0,0,0,0,0,0,0,0,0,0,0,0,0,0,0,0,0,0,0,-,0,0,0,45.6%,1937
647,Raemon Sluiter,1,1,0,0,0,0,1,0,0,0,0,0,0,0,0,0,0,0,0,0,0,0,0,0,0,0,0,-,0,0,0,40.7%,1918
647,Ricardo Acuna,1,1,1,0,0,0,0,0,0,0,0,0,0,0,0,0,0,0,0,0,0,0,0,0,0,0,0,-,0,0,0,39.2%,1887
647,Robin Drysdale,1,1,1,0,0,0,0,0,0,0,0,0,0,0,0,0,0,0,0,0,0,0,0,0,0,0,0,-,0,0,0,31.3%,1809
647,Roman Safiullin,1,1,1,0,0,0,0,0,0,0,0,0,0,0,0,0,0,0,0,0,0,0,0,0,0,0,0,-,0,0,0,47.2%,1957
647,Santiago Giraldo,1,1,0,0,0,0,1,0,0,0,0,0,0,0,0,0,0,0,0,0,0,0,0,0,0,0,0,-,0,0,0,44.7%,1970
647,Stanislav Birner,1,1,0,0,1,0,0,0,0,0,0,0,0,0,0,0,0,0,0,0,0,0,0,0,0,0,0,-,0,0,0,34.2%,1879
647,Todd Witsken,1,1,1,0,0,0,0,0,0,0,0,0,0,0,0,0,0,0,0,0,0,0,0,0,0,0,0,-,0,0,0,46.0%,1955
647,Tomas Machac,1,1,0,0,1,0,0,0,0,0,0,0,0,0,0,0,0,0,0,0,0,0,0,0,0,0,0,-,0,0,0,55.2%,2010
647,Tomas Martin Etcheverry,1,1,1,0,0,0,0,0,0,0,0,0,0,0,0,0,0,0,0,0,0,0,0,0,0,0,0,-,0,0,0,47.4%,1932
647,Wanaro Ngodrella,1,1,1,0,0,0,0,0,0,0,0,0,0,0,0,0,0,0,0,0,0,0,0,0,0,0,0,-,0,0,0,37.5%,1837
647,Yen Hsun Lu,1,1,1,0,0,0,0,0,0,0,0,0,0,0,0,0,0,0,0,0,0,0,0,0,0,0,0,-,0,0,0,41.2%,1922
